Track name,Artist name,Album,Playlist name,Type,ISRC,Spotify - id
"green to blue","daniel.mp3","Backroom","Favorite Songs","Favorite","SE6SA2227610","4zzxSXdXK4gLEOyGpPpb9v"
"Die With A Smile","Lady Gaga","Die With A Smile","Favorite Songs","Favorite","USUM72409273","2plbrEY59IikOBgBGLjaoe"
"Mary On A Cross","Ghost","Seven Inches of Satanic Panic","Favorite Songs","Favorite","USC4R1902750","2wBnZdVWa5jVpvYRfGU7rP"
"2 days into college","Aimee Carty","2 days into college","Favorite Songs","Favorite","QZWFH2353735","3J7xAcSC9UGaJDANSUBJpy"
"Worst Day","Laura Nahr","Worst Day","Favorite Songs","Favorite","QMFMF2412479","34WEgaMkqYHT9316Pf9gxT"
"DRIP","BABYMONSTER","DRIP","Favorite Songs","Favorite","KRA402400056","198zDKzyktXRG1PGpidY9h"
"sabishii","NIB","nanimonai","Favorite Songs","Favorite","QM42K1930250","16We6VzcbcoNjnctBYN3Lr"
"APT.","ROSÉ","APT.","Favorite Songs","Favorite","USAT22409172","5vNRhkKd0yEAg8suGBpjeY"
"Touch","KATSEYE","SIS (Soft Is Strong)","Favorite Songs","Favorite","USUM72407248","3NyZXtW72Gb42RaqLt7fh9"
"Carry You Home","Alex Warren","Carry You Home","Favorite Songs","Favorite","USAT22403017","4uzKAj0mIyYmyhsRRyPXaQ"
"Falling","Harry Styles","Fine Line","Favorite Songs","Favorite","USSM11912590","1ZMiCix7XSAbfAJlEZWMCp"
"Take Me Home","ZUBIN","Take Me Home","Favorite Songs","Favorite","QZFZ32492342","09VP3MkHbI4TvJUMxB03Z4"
"Don't stop loving","shimamo","Don't stop loving","Favorite Songs","Favorite","JPWP02400812","4XK0xqjjxWKILttKapCDuG"
"MIRROR","Ado","MIRROR","Favorite Songs","Favorite","JPPO02402466","0NtfH5RUt4V3Vzh18Wuc23"
"If I Ain't Got You","Alicia Keys","The Diary Of Alicia Keys","Favorite Songs","Favorite","USJAY0300452","3XVBdLihbNbxUwZosxcGuJ"
"CROW","UPIKO","CROW","Favorite Songs","Favorite","TCJPY2368077","0QGWqZnE4C5MU4YMWG9BOk"
"The Fire","Vincent Lima","The Fire","Favorite Songs","Favorite","QZHN72499012","0loaM97K2TYp3KzKzQCycL"
"RATATATA","BABYMETAL","RATATATA","Favorite Songs","Favorite","GBDHC2549601","14WYmNQWvR2TTWoRp8t9Ml"
"The Search","NF","The Search","Favorite Songs","Favorite","USUM71907048","2OKo7g3KfmCt3kyLvUAL0g"
"Heart On Fire In Mexico","Abby Anderson","Heart On Fire In Mexico","Favorite Songs","Favorite","QZVQW2300012","72SRZVihNBosupaENmkdrv"
"Stargazing","Myles Smith","Stargazing","Favorite Songs","Favorite","GBARL2400510","3Vr3zh0r7ALn8VLqCiRR10"
"Lose Control","Teddy Swims","I've Tried Everything But Therapy (Part 1)","Favorite Songs","Favorite","USWB12302315","17phhZDn6oGtzMe56NuWvj"
"FIGURE IT OUT","Chandler","FIGURE IT OUT","Favorite Songs","Favorite","QZQAY2312387","0RQDBCsED70Qfq1CdRvavd"
"The Last Bit Of Us","Dean Lewis","The Last Bit Of Us (Chuksie Remix)","Favorite Songs","Favorite","AUUM72400055","449u0gc26IelH6yboZXHje"
"Soldier, Poet, King","The Oh Hellos","Dear Wormwood","Favorite Songs","Favorite","USAT21502721","3xtiXNDbSKxy20I7D6vFUg"
"someday i'll get it","Alek Olsen","someday i'll get it","Favorite Songs","Favorite","GBMJG2330804","1lb0KfG9EyfSBsEifTUtXY"
"The Last Bit Of Us","Dean Lewis","The Last Bit Of Us","Favorite Songs","Favorite","AUUM72400055","3cgHwqbHcu1DKFADvkgPJ7"
"High Hopes","Gabriela Bee","High Hopes","Favorite Songs","Favorite","USDY41920522","7hXBXf9eGOqKQBUeWZAYHy"
"Cute and Happy","Irene Wong","Cute and Happy","Favorite Songs","Favorite","QZPEW2404250","3HAbJmoxyrk4QVZjlBSzqL"
"At Last","Etta James","At Last!","Favorite Songs","Favorite","USMC16046323","4Hhv2vrOTy89HFRcjU3QOx"
"我会等","承桓","我会等","Favorite Songs","Favorite","FR96X2399453","5Rzpn60KTM11EBETHaF9Kt"
"Fuck This Job","Wheeler Walker Jr.","Ram","Favorite Songs","Favorite","QZYBY2300508","6ssME0W7TX3dlTDpSu8TuN"
"ハレハレヤ","UniteUp!","ハレハレヤ","Favorite Songs","Favorite","JPP302101961","6gBHA0wQbD4hwCLtOsmkw9"
"Under The Influence","Chris Brown","Indigo (Extended)","Favorite Songs","Favorite","USRC11902743","5IgjP7X4th6nMNDh4akUHb"
"I Sent My Therapist To Therapy","Alec Benjamin","I Sent My Therapist To Therapy","Favorite Songs","Favorite","USAT22312718","6ofVkSSWsDcnzRCNwrvpXB"
"我期待的不是雪","张妙格","我期待的不是雪","Favorite Songs","Favorite","HKG731670098","2deIA64Gfsm50VTsKwrxnQ"
"Favorite Skeleton","Irene Wong","Favorite Skeleton","Favorite Songs","Favorite","AUBEC2349309","0YYQOfiakCVDS5HUFE5fAo"
"The Legendary Christmas Song","JR De Guzman","The Legendary Christmas Song","Favorite Songs","Favorite","QZNWZ2026808","49MUYL1OP2UyUwbUYK69oH"
"Older","Sasha Alex Sloan","Loser","Favorite Songs","Favorite","USRC11803527","3kywzyEr7V106Un5cDyh12"
"Houdini","Dua Lipa","Houdini","Favorite Songs","Favorite","GBAHT2301246","4OMJGnvZfDvsePyCwRGO7X"
"Monster","John Michael Howell","Monster","Favorite Songs","Favorite","QZTB82330655","5YPGUtOirrOgAXIPNLTWMw"
"ASI ES LA VIDA","Enrique Iglesias","ASI ES LA VIDA","Favorite Songs","Favorite","USSD12300536","0Me3GyNuLOa1YTIxhJPyCn"
"Summertime Friends","The Chainsmokers","Summertime Friends","Favorite Songs","Favorite","USQX92304752","7JLzv38qr5GxXYqQfuQJP9"
"I WANNA BE YOUR SLAVE","Måneskin","Teatro d'ira - Vol. I","Favorite Songs","Favorite","ITB002100115","4pt5fDVTg5GhEvEtlz9dKk"
"24","sundial","24","Favorite Songs","Favorite","USLD91734680","5nsMKSAJwcr1pA9I6PW429"
"Kids","MGMT","Oracular Spectacular","Favorite Songs","Favorite","USSM10702135","1jJci4qxiYcOHhQR247rEU"
"Breezeblocks","alt-J","An Awesome Wave","Favorite Songs","Favorite","GBZUZ1200067","3n69hLUdIsSa1WlRmjMZlW"
"Demon Lord","Kanaria","Demon Lord","Favorite Songs","Favorite","TCJPW2365804","4jbz6Ab49pUqFbZcSslx66"
"NOT SORRY (Feat. pH-1) (Prod. by Slom)","Lee Young Ji","SHOW ME THE MONEY 11 Episode 3","Favorite Songs","Favorite","KRA492201271","5UOY3OZib7H4KFwTfsT66g"
"Afraid of the Dark","TALK","Afraid of the Dark","Favorite Songs","Favorite","USUM72304804","6iuaN8P73TOrTo4MCFpIc8"
"Fucked By A Country Boy","Wheeler Walker Jr.","Sex, Drugs & Country Music","Favorite Songs","Favorite","QM4TW2226691","63yKYYjKljMstTl4JNnSiS"
"Eat Your Young","Hozier","Eat Your Young","Favorite Songs","Favorite","USSM12300491","2Jw3VjB1xy5KHBqEeAC6VK"
"OK","Jeremy Zucker","OK","Favorite Songs","Favorite","USUM72306541","2RSAu3AGDi2sPhYEjSZmzv"
"Acróstico - Milan + Sasha","Shakira","Acróstico (Milan + Sasha)","Favorite Songs","Favorite","USQX92302824","7txjUEY6McJDJKqIo1Rxjp"
"Cupid - Twin Ver.","FIFTY FIFTY","The Beginning: Cupid","Favorite Songs","Favorite","KSA012239181","7FbrGaHYVDmfr7KoLIZnQ7"
"アイドル","YOASOBI","アイドル","Favorite Songs","Favorite","JPP302300157","7ovUcF5uHTBRzUpB6ZOmvt"
"Requiem (feat. Hoshimachi Suisei)","Kanaria","Requiem (feat. Hoshimachi Suisei)","Favorite Songs","Favorite","TCJPV2364365","22EHB5z2GwYNPA1wZ3LtL4"
"Until I Found You (with Em Beihold) - Em Beihold Version","Stephen Sanchez","Until I Found You (Em Beihold Version)","Favorite Songs","Favorite","USUG12202266","1Y3LN4zO1Edc2EluIoSPJN"
"Lemon","Kenshi Yonezu","STRAY SHEEP","Favorite Songs","Favorite","JPU901800227","04TshWXkhV1qkqHzf31Hn6"
"Kokoronashi","majiko","Contrast","Favorite Songs","Favorite","JPC231500557","1FXrYwvWwjmbw8cqFC1OWz"
"this is what sadness feels like","JVKE","this is what ____ feels like (Vol. 1-4)","Favorite Songs","Favorite","GBKPL2210364","5GpYt1p4z2EPVKv5t7XDof"
"I'll Be Good","Jaymes Young","Feel Something","Favorite Songs","Favorite","USAT21403991","4JuJZzGcswQszYiKJSnC6i"
"Loved You Once","Clara Mae","Drunk On Emotions","Favorite Songs","Favorite","USAT21903505","6cc7nzmG4iClAyl47BOf2Z"
"Stone Cold","Demi Lovato","Confident","Favorite Songs","Favorite","USHR11536744","3by8IfnW9dZ2t4pZw1WVxz"
"アイデンティティ","Kanaria","アイデンティティ","Favorite Songs","Favorite","JPE562200019","4X3L6G6KDs0jBKvfTkmKmi"
"NIGHT DANCER","imase","NIGHT DANCER","Favorite Songs","Favorite","JPPO02202918","348NF6vX0Yh22xvH0EZEro"
"Just Enough Whiskey","Nightshift","I Left Home","Favorite Songs","Favorite","QZMER2197134","689barEI0C49BTyB3P0LS6"
"優しい恋人","shimamo","優しい恋人","Favorite Songs","Favorite","JPWP02202473","20RdpyzBu94gLDFKYBtjBN"
"Another Love","Tom Odell","Long Way Down","Favorite Songs","Favorite","GBARL1300107","7otCGmgp9h4CsR2LhwB6gt"
"Sad Song (feat. Elena Coats)","We The Kings","Somewhere Somehow","Favorite Songs","Favorite","QMGKG1300017","05CrK6Q5VGtfPDtyQFJ4Kf"
"you broke me first","Tate McRae","you broke me first","Favorite Songs","Favorite","USRC12000832","45bE4HXI0AwGZXfZtMp8JR"
"Iris","The Goo Goo Dolls","Dizzy up the Girl","Favorite Songs","Favorite","USWB19800160","6Qyc6fS4DsZjB2mRW9DsQs"
"Heart Problem","Caroline Dare","Heart Problem","Favorite Songs","Favorite","QZDA82152542","59tolr22QPXGEfykN5Y3lD"
"Love Is Gone - Acoustic","SLANDER","Love Is Gone (Acoustic)","Favorite Songs","Favorite","CA5KR1969481","7F1CiKqrY44kh5cDqwHOnx"
"死ぬのがいいわ","Fujii Kaze","The Best J-Pop 2022","Favorite Songs","Favorite","JPPO02000610","54mG1R0iqWi7COJrHAXSkg"
"F64","Ed Sheeran","F64","Favorite Songs","Favorite","GBAHS2300021","5DFi6D7SrYHRIgZbY5MqqE"
"almond eyes","Clavita","almond eyes","Favorite Songs","Favorite","QZTB22265579","0UQqXykR504ftBmPR2XlwM"
"Need You Now","Lady A","Need You Now","Favorite Songs","Favorite","USCN10900696","11EX5yhxr9Ihl3IN1asrfK"
"Say So - Japanese Version","Rainych","Say So (Japanese Version)","Favorite Songs","Favorite","QZGWW2069160","5ffxZNBRjeN0zONSHN7hUC"
"Overdose","Rainych","Overdose","Favorite Songs","Favorite","QZPJ32228312","4p7J2EdXgnzcTxoAmL703z"
"The End","Elliot Greer","The End","Favorite Songs","Favorite","QZTB82226194","7qkX2mHStdrHVC2NFWqwpo"
"Past Lives","BØRNS","Dopamine","Favorite Songs","Favorite","USUM71512366","1Dr5JexwA15wmKe7Y7maA9"
"you were good to me","Jeremy Zucker","brent","Favorite Songs","Favorite","USUM71906797","4CxFN5zON70B3VOPBYbd6P"
"comethru","Jeremy Zucker","summer,","Favorite Songs","Favorite","USUM71813455","18uwL0vNUanqZH0ro2QcOP"
"this is how you fall in love","Jeremy Zucker","brent ii","Favorite Songs","Favorite","USUM72024519","1aEsTgCsv8nOjEgyEoRCpS"
"Take Me to Your Heart","Michael Learns To Rock","Michael Learns To Rock","Favorite Songs","Favorite","DKABA0308303","7rdtBpPpe4knfd7aD98h9X"
"That's Why You Go Away","Michael Learns To Rock","Strange Foreign Beauty","Favorite Songs","Favorite","DKABA9901223","2ccW4vFSVKRgVjkZzvdjRw"
"Bury Me - Sana Remix","SFINX","Bury Me (Sana Remix)","Favorite Songs","Favorite","QMDA72287010","69ypkQ48dGQwEj9hepRfFV"
"Yesterday Once More","Carpenters","Now & Then","Favorite Songs","Favorite","USWWW0131707","24Qo0pcx4gjBNQNp1cTOVw"
"Red Flags (feat. Montaigne)","Tom Cardy","Red Flags (feat. Montaigne)","Favorite Songs","Favorite","AUGBT2229809","08SBqVoXF7ngoZYgPdDYf8"
"Cure For Me","AURORA","Cure For Me","Favorite Songs","Favorite","GBUM72102146","5suiloWwRiQdhFeb9YSGQT"
"ミューシック","shimamo","ミューシック","Favorite Songs","Favorite","JPWP02202054","4mxBcgPNlOI9QvPswNnHVT"
"Rendezvous","Kanaria","Rendezvous","Favorite Songs","Favorite","TCJPT2258673","7gspVQa13prQbNABCRacwE"
"perfect","Zevia","perfect","Favorite Songs","Favorite","USQX92205335","1O2P4wYlTnQ44osWR5KABJ"
"Before He Cheats","Carrie Underwood","Some Hearts","Favorite Songs","Favorite","GBCTA0500197","0ZUo4YjG4saFnEJhdWp9Bt"
"Forget Me","Lewis Capaldi","Forget Me (Piano Acoustic)","Favorite Songs","Favorite","DEUM72204717","71TpszSqwNZIziARbA64mO"
"Car's Outside","James Arthur","YOU","Favorite Songs","Favorite","DEE861903416","0otRX6Z89qKkHkQ9OqJpKt"
"Miss Me Too","Katherine Li","Miss Me Too","Favorite Songs","Favorite","SGB502251332","7dCZc6VWhdROmkol6ZlBOr"
"KICK BACK","Kenshi Yonezu","KICK BACK","Favorite Songs","Favorite","JPU902203702","3khEEPRyBeOUabbmOPJzAG"
"忘れじの言の葉","DAZBEE","Remindful.Two","Favorite Songs","Favorite","JPPO02201832","3bhP5Db4ZBcvqE0oJRLzhU"
"Rapport","Tatsuya Kitani","Rapport","Favorite Songs","Favorite","JPU902104773","0e4HssKedndIhLoDpkwBNH"
"混ぜるな危険","tricot","真っ黒","Favorite Songs","Favorite","JPB602000105","3WWslYheowgYhLk1wrW0T0"
"Waves","Dean Lewis","A Place We Knew","Favorite Songs","Favorite","AUUM71600906","6w8pFOKn42O418qwcQElZ3"
"Half A Man","Dean Lewis","A Place We Knew","Favorite Songs","Favorite","AUUM71800258","1ugQtcwmKOXvKAYzhjncmv"
"Be Alright","Dean Lewis","A Place We Knew","Favorite Songs","Favorite","AUUM71800255","5qrSlOut2rNAWv3ubArkNy"
"Not Like I’m In Love With You","LEW","Not Like I’m In Love With You","Favorite Songs","Favorite","QZUNA2200003","3A9x6yHdlP1H5BY5Pz3l7P"
"little more","FAKY","little more","Favorite Songs","Favorite","JPB602003267","32xcUwMaqqfyrKxZmTvUD2"
"Gangsta's Paradise","Coolio","Gangsta's Paradise","Favorite Songs","Favorite","USTB10400128","1DIXPcTDzTj8ZMHt3PDt8p"
"drivers license - Spotify Singles","Lewis Capaldi","Spotify Singles","Favorite Songs","Favorite","DEUM72206341","10wk4XQdba4QpHgFb28Ktk"
"Forget Me - Spotify Singles","Lewis Capaldi","Spotify Singles","Favorite Songs","Favorite","DEUM72206340","2IIMt19xJuWIHVmfpd9jH8"
"Objectified","Sophie Frear","Objectified","Favorite Songs","Favorite","UK6KW2200005","01OqRStMWNDg6Qm4fUqdoX"
"Live, Laugh, Love","Abe Parker","Live, Laugh, Love","Favorite Songs","Favorite","QZPY62200124","6smMEA2Cx1I6QuxNlyZuXt"
"I Really Want to Stay at Your House","Rosa Walton","Cyberpunk 2077: Radio, Vol. 2 (Original Soundtrack)","Favorite Songs","Favorite","USLS52081705","7mykoq6R3BArsSpNDjFQTm"
"Let You Down","Dawid Podsiadło","Let You Down","Favorite Songs","Favorite","PLL892200029","1qpGMJi0ippCaMUOs7cz2q"
"I'm So Happy (with BENEE)","Jeremy Zucker","I'm So Happy","Favorite Songs","Favorite","USUM72216646","16Fxe5DvEXRxQwcorFyaIO"
"Quiet's Theme","Stefanie Joosten","METAL GEAR SOLID Ⅴ ORIGINAL SOUNDTRACK SELECTION","Favorite Songs","Favorite","JPM201500641","1gxtw8gtzgh5ryEfH6v8vL"
"Forget Me","Lewis Capaldi","Forget Me","Favorite Songs","Favorite","DEUM72204717","5uSFGgIfHMT3osrAd9n9ym"
"NYU - Edit","Tom Kench","NYU","Favorite Songs","Favorite","GBKQU2268557","02r9Bce6wCNZVcAuFgdjzE"
"High Hopes","Panic! At The Disco","Pray for the Wicked","Favorite Songs","Favorite","USAT21801174","1rqqCSm0Qe4I9rUvWncaom"
"Glimpse of Us (Her Perspective)","Lindsey Jade","Glimpse of Us (Her Perspective)","Favorite Songs","Favorite","TCAGJ2240321","4dBEjEcM90vRGuUOOTJxWU"
"i don't want to watch the world end with someone else","Clinton Kane","i don't want to watch the world end with someone else","Favorite Songs","Favorite","USSM12002186","58qX77t2VWMWcycsh9zKLc"
"Narcissist","Lauren Spencer Smith","Narcissist","Favorite Songs","Favorite","USUG12204962","23oYG6HAbahMQEtjk0M7GK"
"Memory Lane","Haley Joelle","Memory Lane","Favorite Songs","Favorite","QZTAT2160539","1KMEDSIl2j1NwYa9mgvMyg"
"QUEEN","Kanaria","QUEEN","Favorite Songs","Favorite","TCJPS2270549","32zpHDchUY83w80C8mMtOs"
"Jealous","Labrinth","Jealous - EP","Favorite Songs","Favorite","GBHMU1400291","4G92yYrUs0cvY7G41YRI0z"
"In The Stars","Benson Boone","In The Stars","Favorite Songs","Favorite","USWB12201574","1ei3hzQmrgealgRKFxIcWn"
"So Good","Halsey","So Good","Favorite Songs","Favorite","USUM72208998","6kxaaIeowajN7w21PfMLbu"
"Sleeping in the Cold Below (From ""Warframe"")","Keith Power","Sleeping in the Cold Below (From ""Warframe"")","Favorite Songs","Favorite","usdy42164512","7nq8DgNdgYGihJrZYB221C"
"From The D 2 The LBC (with Snoop Dogg)","Eminem","From The D 2 The LBC (with Snoop Dogg)","Favorite Songs","Favorite","USUG12204350","7My9ca9QEIR8MvIOdIrTWA"
"Short Change Hero","The Heavy","The House That Dirt Built","Favorite Songs","Favorite","GBCFB0901504","7JOizhmt3HlBgQyJEa0AgK"
"たぶん","YOASOBI","たぶん","Favorite Songs","Favorite","JPP302000323","62Lv9WcrfzJqhvYDbilJy3"
"ごめんなんか聞きたくなかった","こはならむ","ごめんなんか聞きたくなかった","Favorite Songs","Favorite","TCJPO2167617","5Lngv5YucvD034BkzQdyDN"
"Glimpse of Us","Joji","Glimpse of Us","Favorite Songs","Favorite","USWB12201789","6xGruZOHLs39ZbVccQTuPZ"
"色香水","Yoh kamiyama","色香水","Favorite Songs","Favorite","JPU902100005","7FpABRyv5TaZz0llkhjPgc"
"好きだから。","『ユイカ』","好きだから。","Favorite Songs","Favorite","JPPO02101687","02xwA3Ej9NPetftp9V7VZ3"
"life, im over you","Zevia","we're all sad here","Favorite Songs","Favorite","QZJG52240339","5RQwYJPOkEnl38hFVrylP3"
"Jiggle Jiggle (with Duke & Jones)","Louis Theroux","Jiggle Jiggle (with Duke & Jones)","Favorite Songs","Favorite","GBARL2201151","1I4lCSP69P74nU3a6Su5L2"
"Baptisms","Radical Face","The Bastards","Favorite Songs","Favorite","CAN111400549","4Uq87EQLfxW9ZBiNmIp2m1"
"Yoidoreshirazu","Kanaria","Yoidoreshirazu","Favorite Songs","Favorite","TCJPR2280966","26zbAdTJC4vqqpGwSzvh8Q"
"怪物","YOASOBI","怪物","Favorite Songs","Favorite","JPP302000760","06XQvnJb53SUYmlWIhUXUi"
"チキチキバンバン - TV Ver.","QUEENDOM","チキチキバンバン (TV Ver.)","Favorite Songs","Favorite","JPB602201446","5V1bKI60cPKn4K4g0y8EV1"
"Complicated","Avril Lavigne","Let Go","Favorite Songs","Favorite","USAR10200223","5xEM5hIgJ1jjgcEBfpkt2F"
"Sk8er Boi","Avril Lavigne","Let Go","Favorite Songs","Favorite","USAR10200229","00Mb3DuaIH1kjrwOku9CGU"
"喜劇","Gen Hoshino","喜劇","Favorite Songs","Favorite","JPVI02200563","6pllZAdgBf4QTcFUrF3DzL"
"小喋日和","FantasticYouth","小喋日和","Favorite Songs","Favorite","JPPO02200949","4AElkruOc9gECdltSuV3JN"
"Never Had a Chance","Katherine Li","Never Had a Chance","Favorite Songs","Favorite","SGB502246485","7kWHoZvIn3TzxUHYrszYFc"
"The World Could End With You","Llunr","The World Could End With You","Favorite Songs","Favorite","USUYG1409710","4O5GWwr8fvgcJyYiEBEX0q"
"All Too Well (10 Minute Version) (Taylor's Version) (From The Vault)","Taylor Swift","Red (Taylor's Version)","Favorite Songs","Favorite","USUG12103690","5enxwA8aAbwZbf5qCHORXi"
"Runaway","AURORA","All My Demons Greeting Me as a Friend (Deluxe)","Favorite Songs","Favorite","GBUM71500527","0TCmhnbMpw5zwPsTvlXTJi"
"Loyal to the Beat","塞壬唱片-MSR","Loyal to the Beat","Favorite Songs","Favorite","TWU712102668","5ibgMkP0JgBe5yqu40cUvm"
"Hurtless","Dean Lewis","Hurtless","Favorite Songs","Favorite","AUUM72100595","6HJizCbaqaEQG1eLjn341Z"
"Bring Sally Up - Workout","HIIT BPM","Bring Sally Up - Workout","Favorite Songs","Favorite","TCAEO1952173","6IB7b4cXvYPhQsQHdmn1uE"
"Espacio en Tu Corazón","Enrique Iglesias","Espacio en Tu Corazón","Favorite Songs","Favorite","USSD12200187","0GIQqhTJpBvAUwThmUHbPj"
"僕が死のうと思ったのは - From THE FIRST TAKE","Mika Nakashima","僕が死のうと思ったのは - From THE FIRST TAKE","Favorite Songs","Favorite","JPU902105227","42gpqMK1oKf1Xq8DCGHGuF"
"僕が死のうと思ったのは","amazarashi","メッセージボトル","Favorite Songs","Favorite","JPU901602684","1YA15UrY0IG7qP4kYKdpu1"
"ただ声一つ","Rokudenashi","ただ声一つ","Favorite Songs","Favorite","JPPO02104849","2e1gUS6Wv8GS8ZT6FMeE1J"
"Let Somebody Go","Coldplay","Let Somebody Go (Kygo Remix)","Favorite Songs","Favorite","GBAYE2100947","3zZl8eEazg9rs9VpgFT5lP"
"Zeit","Rammstein","Zeit","Favorite Songs","Favorite","DEUM72118403","6eOGjyegLDZqCvCZ3divgp"
"Turn Away","Sea Lemon","Turn Away","Favorite Songs","Favorite","GX3HH2215509","7MkeCdUalECnndIETnaq9G"
"GET IT","keshi","GET IT","Favorite Songs","Favorite","USUM72123275","1jtdHYkk7RZNSeGWLxXwrS"
"Mr. Brightside","The Killers","Hot Fuss","Favorite Songs","Favorite","USIR20400274","7oK9VyNzrYvRFo7nQEYkWN"
"Welcome to the Black Parade","My Chemical Romance","The Black Parade","Favorite Songs","Favorite","USRE10602613","5wQnmLuC1W7ATsArWACrgW"
"Airplanes (feat. Hayley Williams of Paramore)","B.o.B","B.o.B Presents: The Adventures of Bobby Ray","Favorite Songs","Favorite","USAT21000477","6lV2MSQmRIkycDScNtrBXO"
"The Joker And The Queen (feat. Taylor Swift)","Ed Sheeran","The Joker And The Queen (feat. Taylor Swift)","Favorite Songs","Favorite","GBAHS2200019","6N1K5OVVCopBjGViHs2IvP"
"Starving","Hailee Steinfeld","Starving","Favorite Songs","Favorite","USUM71606370","4Ce37cRWvM1vIGGynKcs22"
"Moth To A Flame (with The Weeknd)","Swedish House Mafia","Moth To A Flame","Favorite Songs","Favorite","USUG12105524","4yEmhRpoCtT07pMhFWJHER"
"Gospel (with Eminem)","Dr. Dre","Gospel (with Eminem)","Favorite Songs","Favorite","USUM72123988","3a2jFwnts4Cf0OwJbK61SL"
"Without You","Lapalux","Nostalchic","Favorite Songs","Favorite","GBCFB1207506","32CFVYfYT4wE1MTNWj66Rt"
"Jigsaw","Conan Gray","Jigsaw","Favorite Songs","Favorite","USUM72200064","1WzOonguDKuWQrTTf5yR0D"
"Dive Back In Time - Live","BaishaJAWS","2021最美的夜bilibili晚会 (Live)","Favorite Songs","Favorite","FR10S2225943","1gxAxZcHD5hp2uC7SbKglL"
"Peru - Acoustic","Fireboy DML","Peru (Acoustic)","Favorite Songs","Favorite","USUYG1410220","6RAFf0mJ498F0GzrFZ1ZsS"
"Burn Butcher Burn (From ""The Witcher: Season 2"" Soundtrack)","Joseph Trapanese","The Witcher: Season 2 (Soundtrack from the Netflix Original Series)","Favorite Songs","Favorite","QZ8BZ2101136","6Hp57iv0VLGgmWyOFx8iUm"
"Looks Like Me - Piano Acoustic","Dean Lewis","Looks Like Me (Acoustic)","Favorite Songs","Favorite","AUUM72100538","256ArsGaVttMIF56zoSzT9"
"Never Been in Love","Haley Mae Campbell","Never Been in Love","Favorite Songs","Favorite","TCAFL2120144","4SACHtzLlcNaUKGYC9oX30"
"Hikare Inochi","Kitri","Hikare Inochi","Favorite Songs","Favorite","JPCO02117110","0ltIx8PLjtWoS9zn9PqsZW"
"bad feeling","Beowülf","bad feeling","Favorite Songs","Favorite","QZNWW2163209","3pyHRmevj1wUDLUrKaU0qg"
"I Believe In Us (Arknights Soundtrack)","Reigan","I Believe In Us (Arknights Soundtrack)","Favorite Songs","Favorite","NLRD52032349","0cu5N4t6HjFo80B2lGkXBz"
"Never Give Up (Arknights Soundtrack)","StayLoose","Never Give Up (Arknights Soundtrack)","Favorite Songs","Favorite","NLRD52032346","2K93b71bQC0y8wTkR7Dz9w"
"Last Of Me - Arknights Soundtrack","Steve Aoki","Last Of Me (Arknights Soundtrack)","Favorite Songs","Favorite","USUS12000366","0GJMYrWlMaAf3t3tqjrkr6"
"End Like This (feat. RUNN) - Arknights Soundtrack","Steve Aoki","End Like This (feat. RUNN) [Arknights Soundtrack]","Favorite Songs","Favorite","USUS12000816","6ExQ3wt9pDp0xdU7QbG49s"
"What Angel Wakes Me","祖堅 正慶","SHADOWBRINGERS: FINAL FANTASY XIV Original Soundtrack","Favorite Songs","Favorite","JPA841900578","3MaVBgFdWKT674yvLj0kPF"
"Who Brings Shadow","祖堅 正慶","SHADOWBRINGERS: FINAL FANTASY XIV Original Soundtrack","Favorite Songs","Favorite","JPA841900595","3nYfqm2lnCQQiWKOc0xcP5"
"Shadowbringers","祖堅 正慶","SHADOWBRINGERS: FINAL FANTASY XIV Original Soundtrack","Favorite Songs","Favorite","JPA841900522","1MOsWaaMx4L7YUYGu7LdEx"
"Heavensward","祖堅 正慶","Heavensward: FINAL FANTASY XIV Original Soundtrack","Favorite Songs","Favorite","JPA841500458","4YsrOSomyvkRQvFwE5j8Lw"
"Locus","祖堅 正慶","Heavensward: FINAL FANTASY XIV Original Soundtrack","Favorite Songs","Favorite","JPA841500555","74h5EcwWQRyWwQG6ZcRYEd"
"Dragonsong","Nobuo Uematsu","Heavensward: FINAL FANTASY XIV Original Soundtrack","Favorite Songs","Favorite","JPA841500463","0UVvQQdoeJeH7aDcgh9dVL"
"MONEY","LISA","LALISA","Favorite Songs","Favorite","KRA402100099","7hU3IHwjX150XLoTVmjD0q"
"If the World Was Ending (feat. Julia Michaels)","JP Saxe","If the World Was Ending (feat. Julia Michaels)","Favorite Songs","Favorite","USQX91902708","2kJwzbxV2ppxnQoYw4GLBZ"
"Take On Me - 2017 Acoustic","a-ha","Take On Me (2017 Acoustic)","Favorite Songs","Favorite","DEUM71724939","6NK9sI0Lnsiwn6I0MbWWxn"
"CENSORSHIP","World Order","CENSORSHIP","Favorite Songs","Favorite","TCJPP2175605","0zsc5s1C68DV4f9gBXEmEy"
"Easy On Me","Adele","Easy On Me","Favorite Songs","Favorite","USSM12105970","0gplL1WMoJ6iYaPgMCL0gX"
"Homeward","Nothing Ends","Komorebi","Favorite Songs","Favorite","QZES52015321","6dW8XzIM19kPXEbtiD7Yco"
"Morning Coffee","Nothing Ends","Komorebi","Favorite Songs","Favorite","QZES52015319","4qG82eYYbnoRUhT0sq67t4"
"When The Sun Goes Down","Nothing Ends","When The Sun Goes Down","Favorite Songs","Favorite","QZDA62170552","4bRuI6FrAlL2hoYb5yr5pC"
"We'll (Never) Meet Again","Nothing Ends","We'll (Never) Meet Again","Favorite Songs","Favorite","QZHN62003658","16qQNgTINx7FH226wVRbMT"
"Am I Wrong","Nico & Vinz","Black Star Elephant","Favorite Songs","Favorite","USWB11304681","1fidCEsYlaVE3pHwKCvpFZ"
"生きていたんだよな","Aimyon","青春のエキサイトメント","Favorite Songs","Favorite","JPWP01671360","69jrtjVjyzRyPCDg0dHYCX"
"Older","Alec Benjamin","Older","Favorite Songs","Favorite","USAT22104490","4qeHV9T5N3S7KAKryZQp8s"
"All Time Low","Jon Bellion","The Human Condition","Favorite Songs","Favorite","USUM71603666","1CnPYaKxTVb4LWOtiGOm0m"
"Wildest Dreams (Taylor's Version)","Taylor Swift","Wildest Dreams (Taylor's Version)","Favorite Songs","Favorite","USUG12103658","1Ov37jtRQ2YNAe8HzfczkL"
"CHASING THE SUN","Enrique Iglesias","FINAL (Vol.1)","Favorite Songs","Favorite","USRC12102485","4ld5JAPiiU0O4smQ0j4pAd"
"TE FUISTE","Enrique Iglesias","FINAL (Vol.1)","Favorite Songs","Favorite","USRC12102577","0qV3ZLVDdRisXy3cbhZLQW"
"PENDEJO","Enrique Iglesias","FINAL (Vol.1)","Favorite Songs","Favorite","USRC12101318","5cy2dREJqJAyf3CNr509W7"
"UNWELL","Enrique Iglesias","FINAL (Vol.1)","Favorite Songs","Favorite","USRC12102488","0ij0AE5oRlXQszfywsEJ0l"
"ALL ABOUT YOU","Enrique Iglesias","FINAL (Vol.1)","Favorite Songs","Favorite","USRC12102487","011bGIxQEalfjuO7hWP3iN"
"Shivers","Ed Sheeran","Shivers","Favorite Songs","Favorite","GBAHS2100671","6bQfNiqyCX7UaQSvVVGo4I"
"Bleeding Love","Leona Lewis","Spirit","Favorite Songs","Favorite","GBHMU0700049","7wZUrN8oemZfsEd1CGkbXE"
"Ho Hey","The Lumineers","The Lumineers (Deluxe Edition)","Favorite Songs","Favorite","USDMG1260805","1K3LRUEcUz5FMtPYyg0F45"
"Arcadia","Lana Del Rey","Arcadia","Favorite Songs","Favorite","GBUM72104276","5mqVdt50q0fYvyz3gd6eKe"
"Sleeping town (feat. yama)","whaledontsleep","Sleeping town (feat. yama)","Favorite Songs","Favorite","TCJPJ1996962","4stXGLRnyZJvSvobc0pt7W"
"EYE","Kanaria","EYE","Favorite Songs","Favorite","TCJPP2128443","1CQ2OTb1x5M3UyCwbGHnXD"
"Issues","Julia Michaels","Nervous System","Favorite Songs","Favorite","USUM71615691","0xG0SHshCStMEyNbNC5d4k"
"Overwhelmed (Ryan Mack Remix)","Ryan Mack","Overwhelmed (Ryan Mack Remix)","Favorite Songs","Favorite","IERZR2100004","3EmBn7AWEv5DETtMba53G2"
"グッバイ宣言","Raon","グッバイ宣言","Favorite Songs","Favorite","QZGWX2172131","1Y3QSfcVZJA2B6priwUs1i"
"Walking Away","Chelsea Cutler","Walking Away","Favorite Songs","Favorite","USUG12103141","3VVLOvm3AV7quKn7gN9szx"
"ME PASE","Enrique Iglesias","ME PASE","Favorite Songs","Favorite","USRC12101320","4JgSGk8yY0hQE9aENUSqVm"
"REFLECT","Gawr Gura","REFLECT","Favorite Songs","Favorite","JPV752104723","0B96zn11fA3apNGZqERmPO"
"エプロンボーイ (Anime ver.)","DJ Misoshiru & MC Gohan","エプロンボーイ (Anime ver.)","Favorite Songs","Favorite","JPU901800002","5yPkcspHX5v8xToBtoW4Xk"
"キセキ結び","天音かなた","キセキ結び","Favorite Songs","Favorite","JPV752104732","5O3zXdlwLUhMzYtJMQJEZ3"
"Bad Habits","Ed Sheeran","Bad Habits","Favorite Songs","Favorite","GBAHS2100318","6PQ88X9TkUIAUIZJHW2upE"
"Love You in My Mind","Brynn","Based on a True Story","Favorite Songs","Favorite","USAT22101503","3tAsY2NU5gRPdYExMhhyvT"
"Gone","Chiiild","Gone","Favorite Songs","Favorite","USUM72105228","7eRaK8LJUUgStuF29HpNsQ"
"Alugalug Cat","The Kiffness","Alugalug Cat","Favorite Songs","Favorite","QZHN72150827","1aieLcywOSaOSVL55j2cYS"
"Keep Ya Head Up - (Explicit)","2Pac","The Best Of 2Pac","Favorite Songs","Favorite","USIR19500813","2edHLAq1YJRNFdqzBUfYWk"
"Soldier","Fleurie","Love and War","Favorite Songs","Favorite","TCACM1667377","1gzXHWAGYKbaHubERNp0Ox"
"Far From Home (The Raven)","Sam Tinnesz","Far From Home (The Raven)","Favorite Songs","Favorite","QM24S1809229","4kH98W7Wqeycg6CzrrX8JP"
"Feeling Good","Michael Bublé","It's Time","Favorite Songs","Favorite","USRE10401889","1AM8QdDFZMq6SrrqUnuQ9P"
"Text Book","Lana Del Rey","Text Book","Favorite Songs","Favorite","GBUM72103011","50J98YfyIUVLWbXoQZambN"
"ENVY BABY","Kanaria","ENVY BABY","Favorite Songs","Favorite","JPX562100152","7rPKtXBW35rSQH1i6QAvyk"
"If You're Meant To Come Back","Justin Jesso","If You're Meant To Come Back","Favorite Songs","Favorite","DEE862000458","6Nukn6WojFMJN6506TZoGV"
"How to Be Me","Ren","How to Be Me","Favorite Songs","Favorite","NL1AP1986879","1Ec6reYdkNaqRWPDsbErxl"
"Shallow","Carys Selvey","Shallow","Favorite Songs","Favorite","GBLFP1646435","1B324uuKfid3CinagoUr7z"
"The Way You Felt","Alec Benjamin","The Way You Felt","Favorite Songs","Favorite","USAT22101715","6XdHZr9iXdqc4Q76wtgbqr"
"PACK IT UP BOY","City Girl","C-GIRL","Favorite Songs","Favorite","QZES62185382","2LDlF2wnoJIs9pTiGKf3W3"
"もぐもぐYUMMY！","猫又おかゆ","もぐもぐYUMMY！","Favorite Songs","Favorite","JPV752004057","5u1D5cZgbEPioXPVlRQkrq"
"MIRA","Kanaria","MIRA","Favorite Songs","Favorite","JPX562100161","7vgV4fH2MbMH9rrcfkCOIz"
"SugarCrash!","ElyOtto","SugarCrash!","Favorite Songs","Favorite","TCAFB2092742","2ePtv8MlBO9nuuXABqAfEX"
"when the party's over - Recorded at Spotify Studios NYC","Lewis Capaldi","Spotify Singles","Favorite Songs","Favorite","DEUM71902596","6H7fWtwEUHVfTyZD7zeG4w"
"Here with Me","Susie Suh","Here with Me","Favorite Songs","Favorite","USQY51471517","6IF2P93LkyW4GqDQu1yS7H"
"Citizens","Alice Russell","To Dust","Favorite Songs","Favorite","FR9W11211877","23kJoeGdRmn1OG15XIlRRI"
"Thank You","Dido","No Angel","Favorite Songs","Favorite","USAR19900870","3yUcJwYu7fXAfqMj9krY6l"
"summertime","cinnamons","summertime","Favorite Songs","Favorite","TCJPF1793843","1oKoTnf5bERKjEiobXAuyN"
"Bubbly","Colbie Caillat","Coco","Favorite Songs","Favorite","USUM70736197","1lkvpmrCaXK8QtliFDcHBO"
"Time","Tom Waits","Rain Dogs","Favorite Songs","Favorite","USIR28500399","65TIlSzHRK25EE5P972aYG"
"We've Never Met but Can We Have a Cup of Coffee or Something","In Love With a Ghost","Let's Go","Favorite Songs","Favorite","GB-SMU-26-29433","5cvbog6wen3r3bBbcwL16U"
"KING","Kanaria","KING","Favorite Songs","Favorite","JPX562000062","1y70lFnhDN7rPmrl15BtPd"
"Found Myself","Taska Black","Found Myself","Favorite Songs","Favorite","NLM5S2001074","0ZkKKRuVYHqoyqeRDrAXkf"
"my heart skips when you look my way","Seerlight","my heart skips when you look my way","Favorite Songs","Favorite","QZFZ62183927","0OSDze5SVYvTtOJa7wisRH"
"Falling","Trevor Daniel","Falling","Favorite Songs","Favorite","USUYG1221109","4TnjEaWOeW0eKTKIEvJyCa"
"Lover - First Dance Remix","Taylor Swift","Lover (First Dance Remix)","Favorite Songs","Favorite","USUG11901493","2msvOEbkK50foYf9BMXr2X"
"Babylon","Sunny Riot","Babylon","Favorite Songs","Favorite","GBKPL2138577","2A0WRYvJKgVx5viwGy4RI5"
"Holy","King Princess","Make My Bed","Favorite Songs","Favorite","USSM11801304","7FVGIPgLMDChTffvG2LuHV"
"Talia","King Princess","Talia","Favorite Songs","Favorite","USSM11801302","53jbdPQBaH6WaQvW0zmGBs"
"dreamy night","LilyPichu","dreamy night","Favorite Songs","Favorite","QZK6L2016132","3NyxWuYU0s2GA6oZgDRQep"
"Still Don't Know My Name (From ""Euphoria: Season 1"" Soundtrack)","Labrinth","Euphoria (Original Score from the HBO Series)","Favorite Songs","Favorite","USQX91902507","6N22FZs2ZhPBYi3b9XPajV"
"Smile","Uncle Kracker","Happy Hour","Favorite Songs","Favorite","USAT20901972","4ZC8hXXqu2hPcDLw9QTdtQ"
"Dancing","Ray-X","Dancing","Favorite Songs","Favorite","GBMA21979836","34xLCJSfCdBPcPxZTRezwS"
"The Nights","Avicii","The Days / Nights","Favorite Songs","Favorite","CH3131340464","0ct6r3EGTcMLPtrXHDvVjc"
"Sirens","Oliver Daldry","Judas Gap","Favorite Songs","Favorite","TCADD1712388","2lz6Xa8pwE8YFSZkW9V8uu"
"Easily","Bruno Major","A Song For Every Moon","Favorite Songs","Favorite","GBKPL1674673","2k9N4caeCIJLOWwWwssrEM"
"Strong","London Grammar","If You Wait (Deluxe Version)","Favorite Songs","Favorite","GBCEN1300608","6k1I9gABiasGZiWWAosAEb"
"Call It What You Want","Taylor Swift","reputation","Favorite Songs","Favorite","USCJY1750015","1GwMQaZz6Au3QLDbjbMdme"
"Fever","Vancouver Sleep Clinic","Fever","Favorite Songs","Favorite","QM24S1922788","6WePGtZoFUOjqYFdKFwmgT"
"Meditation","Monoman","Meditation","Favorite Songs","Favorite","QZ8LD1918708","3g5WzY6ed3Ts70ipWTpxZ0"
"Wellerman","The Longest Johns","Between Wind and Water","Favorite Songs","Favorite","UKPGJ1800016","3oUuRNgyIuiqVTWLCChp3s"
"Good Days","SZA","Good Days","Favorite Songs","Favorite","USRC12004189","3YJJjQPAbDT7mGpX3WtQ9A"
"I Like (the idea of) You","Tessa Violet","Bad Ideas","Favorite Songs","Favorite","US3DF1939970","62XsUDISgorMOl0wEyTmjF"
"Fields","Winter Foe","Fields","Favorite Songs","Favorite","QZPLS2024312","7iqyCirrHCa3eW2HNLIaiN"
"ICLYA","Mokita","ICLYA","Favorite Songs","Favorite","NLF711905209","32KLV8pNI4SRyPvnaTyNVA"
"The Village","WRABEL","The Village","Favorite Songs","Favorite","USSM11706876","6epvwUINain4iSHCTWA0sj"
"Morning Coffee","Chevy","Morning Coffee","Favorite Songs","Favorite","QZK6G2021811","6zvtPVptAvY6wRbkPGLKff"
"Can I Be Him","James Arthur","Back from the Edge","Favorite Songs","Favorite","DEE861600588","0VhgEqMTNZwYL1ARDLLNCX"
"Caterpillar","Mountains of the Moon","Caterpillar","Favorite Songs","Favorite","SE3OH1726105","70DR96S83kyAsy9O1sBmES"
"Heartbeats","José González","Veneer","Favorite Songs","Favorite","SEVVX0300201","11X4Gw3T4hoktVruLgTnm1"
"Loosing Interest","timmies","Passion & Confusion","Favorite Songs","Favorite","RUB521205280","49gXK8uoqUEHgzzHdkELMh"
"like we did long ago","fcj","like we did long ago","Favorite Songs","Favorite","QZMHL2015268","4pJG3TfBQ7PusqcEWdEhjn"
"Call Me","Blondie","Atomic/Atomix","Favorite Songs","Favorite","USCH38900008","4qO03RMQm88DdpTJcxlglY"
"I'm Worried You'll Forget My Face","Nothing Ends","Time Is Running Out","Favorite Songs","Favorite","QZNWX2029697","4fZ9WSTrbrUB35SPsOHm6Z"
"idontwannabeyouanymore","Billie Eilish","dont smile at me","Favorite Songs","Favorite","USUM71707712","41zXlQxzTi6cGAjpOXyLYH"
"2021","Lauv","2021","Favorite Songs","Favorite","GBKPL2036764","5DlXq40tjFwd3SFp55AfKp"
"Rainbow Connection","Sleeping At Last","Covers, Vol. 2","Favorite Songs","Favorite","USGES1611007","0dDdc2ugBXcZkO00xvR6wZ"
"Sweet Company","Sam Burchfield","Unarmored","Favorite Songs","Favorite","QZ4F61600003","7vTmrJuZQOXkZ0vaojXV2P"
"Above The Clouds Of Pompeii","Bear's Den","Islands","Favorite Songs","Favorite","GB6TW1400047","6ZEQGFl71YQdHpLBsxdJKs"
"Cure","Barcelona","Cure","Favorite Songs","Favorite","TCABR1383914","5CxgHSm7ehpVpiK0dR9mjW"
"Clouds","Before You Exit","Clouds","Favorite Songs","Favorite","USQY51618967","0FiInivN1aBhzKM3UtHM3l"
"Oceans Deep","SONSOFDAY","Fragile People","Favorite Songs","Favorite","USACX0701395","72Ae5nQy02mK67H2ynuZj8"
"Oceans Apart","Secret Nation","Secret Nation","Favorite Songs","Favorite","TCABY1403969","035guKHan7qj7pnRZ5uLIA"
"Love Is War","RUNAGROUND","Love Is War","Favorite Songs","Favorite","GBDMT1500356","3YG8SbrmvFIuIs3tpaeBL5"
"Dusk Till Dawn","Madilyn Bailey","Dusk Till Dawn","Favorite Songs","Favorite","TCADK1726306","1IzfmRGG6aNxu8kFHZfs1F"
"Michelle","Sir Chloe","Party Favors","Favorite Songs","Favorite","QZDA41967250","48rZVgAGm0OlbbxjikCpqm"
"New Place to Begin","khai dreams","New Place to Begin","Favorite Songs","Favorite","QZ9JZ1772781","2MX2Q6LjrZzecewdbDbNoz"
"Moral of the Story","Ashe","Moral of the Story","Favorite Songs","Favorite","USQE91500820","2nC3QhMI9reBIOWutbU3Tj"
"My old story","IU","A flower bookmark","Favorite Songs","Favorite","KRA381207663","2jDnaEpQI6xjahWZzeVyaM"
"I Love You - Acoustic","Woodkid","Run Boy Run","Favorite Songs","Favorite","FR4DI1300270","47sP9utcdOeL1zD6mEeFiU"
"It Won't Kill Ya","The Chainsmokers","Memories...Do Not Open","Favorite Songs","Favorite","USQX91700584","5xhJmd0I15jFcEdqxfCzKk"
"2 Nocturnes, Op. 55: I. Andante","Frédéric Chopin","Chopin: Complete Nocturnes","Favorite Songs","Favorite","FRZ149738050","1q6of8MARmRLg8xIjexscd"
"You","Maryon King","You","Favorite Songs","Favorite","QMPKX1719198","7z2mVp5MK6jcqncFkYPcNZ"
"YOU","Morgan Saint","17 HERO","Favorite Songs","Favorite","USSM11700098","1DjjssAfCcElLoXDVRLq0Q"
"Taste My Sad","Bearface","Moosetape, Vol. 1","Favorite Songs","Favorite","FR10S1643051","5ri1eHrCedAEkz0XgNIrhG"
"Late Night","ODESZA","A Moment Apart","Favorite Songs","Favorite","GBCFB1700082","5Nu5Uyoauauy9LFePYL1Z3"
"The Night We Met","Lord Huron","Strange Trails","Favorite Songs","Favorite","US53Q1200103","0QZ5yyl6B6utIWkxeBDxQN"
"i'm so tired...","Lauv","~how i'm feeling~","Favorite Songs","Favorite","GBKPL1933763","4vjpLMyL3ZO6aphdYr8XYw"
"False Confidence","Noah Kahan","Busyhead","Favorite Songs","Favorite","USUM71814497","7nDFTHHwfe32a8qdp9XqPy"
"SEATTLE","Sam Kim","I AM SAM","Favorite Songs","Favorite","KRB471600372","2zQ1c7TT5grIoU6wKMiXdg"
"Dead Hearts","Stars","The Five Ghosts","Favorite Songs","Favorite","USVR91060101","3yrVRdwCbEeKODZgG2mVZX"
"つじつま合わせに生まれた僕等","amazarashi","メッセージボトル","Favorite Songs","Favorite","JPD860900740","362OTSGKRtnY8IsyD6pknP"
"A Day With You","Amiel Sol","A Day With You","Favorite Songs","Favorite","QZHN42036579","59lcU3fi8Grgcgnil8cp9L"
"you","amies","you","Favorite Songs","Favorite","QZHN72053555","4ssAHJYNFT3SW8Hv9bh6oL"
"You Don't Want Me Anymore","Snøw","You Don't Want Me Anymore","Favorite Songs","Favorite","SE6A91908704","0K4gxQ2u3545b0GAu85ObO"
"Alligator","Of Monsters and Men","FEVER DREAM","Favorite Songs","Favorite","USUG11901210","797qMUoU74C6xc45n2vAMK"
"Heathrow","Catfish and the Bottlemen","The Ride","Favorite Songs","Favorite","GBUM71600829","2X6aiq2KyWsyhh7c3vzeyp"
"Gravity","TAEYEON","Purpose - The 2nd Album","Favorite Songs","Favorite","KRA301900509","1fzLM4SRonzoHm723a2mP5"
"Where's My Love","SYML","SYML","Favorite Songs","Favorite","CAN111700009","2NeM9rfWo70KQej9GxeaoL"
"It's Not Living (If It's Not With You)","The 1975","A Brief Inquiry Into Online Relationships","Favorite Songs","Favorite","GBK3W1800838","3TgMcrV32NUKjEG2ujn9eh"
"Be My Mistake","The 1975","A Brief Inquiry Into Online Relationships","Favorite Songs","Favorite","GBK3W1800833","18UsAG7SfOQ5sxJEdjAMH0"
"O","Coldplay","Ghost Stories","Favorite Songs","Favorite","GBAYE1400533","77yuzxCS3csrgTPSW0pvyk"
"A Sky Full of Stars","Coldplay","Ghost Stories","Favorite Songs","Favorite","GBAYE1400217","0FDzzruyVECATHXKHFs9eJ"
"Oceans","Coldplay","Ghost Stories","Favorite Songs","Favorite","GBAYE1400216","2u4uhtETtcULnkBfFHSnDX"
"Another's Arms","Coldplay","Ghost Stories","Favorite Songs","Favorite","GBAYE1400215","22uzF19LxQW87kOVkR79Fq"
"Midnight","Coldplay","Ghost Stories","Favorite Songs","Favorite","GBAYE1400202","4GKk1uNzpxIptBuaY97Dkj"
"Always in My Head","Coldplay","Ghost Stories","Favorite Songs","Favorite","GBAYE1400212","0FMjqbY3aWo1QDbo3GwXib"
"Magic","Coldplay","Ghost Stories","Favorite Songs","Favorite","GBAYE1400206","23khhseCLQqVMCIT1WMAns"
"Ink","Coldplay","Ghost Stories","Favorite Songs","Favorite","GBAYE1400213","6c6W25YoDGjTq3qSPOga5t"
"True Love","Coldplay","Ghost Stories","Favorite Songs","Favorite","GBAYE1400214","0fQuzbQNLcD1ofo7B2NcFI"
"(They Long to Be) Close to You (feat. Michael Bolton)","Richard Clayderman","Fathers and Daughters (Original Motion Picture Soundtrack)","Favorite Songs","Favorite","USLS51554402","7wnmuRs9Yk4oq1OGrhhXIV"
"The Good Side","Troye Sivan","Bloom","Favorite Songs","Favorite","AUUM71701256","4qAHuJq5T4Q97EQZG47H0P"
"Trampoline","SHAED","MELT","Favorite Songs","Favorite","QZ47A1800201","0lsRatBUs9HNIZAmoGABzk"
"La Lune","Billie Marten","Writing of Blues and Yellows (Deluxe Version)","Favorite Songs","Favorite","GBARL1600328","0DwaOWI1kC2s98qLj0LTDd"
"West","Sleeping At Last","Atlas: I","Favorite Songs","Favorite","USGES1480025","6euUjTQwdyS7Kkj6QoFKRt"
"Roses - Imanbek Remix","SAINt JHN","Roses (Imanbek Remix)","Favorite Songs","Favorite","RUB421901499","24Yi9hE78yPEbZ4kxyoXAI"
"Monday Loop","Tomppabeats","Harbor","Favorite Songs","Favorite","DEQ121639507","5qC17VMNoZdF2gAw28FtsV"
"Hurts Like Hell","Fleurie","Hurts Like Hell","Favorite Songs","Favorite","QMF921550107","10Odr9VhsEYfpd3hjoNyl3"
"Stay With Me","Black English","No","Favorite Songs","Favorite","CAAA11308902","5irRPulPu8o4BTZbo1vbhq"
"memories",".anxious.","3am EP","Favorite Songs","Favorite","CA5KR1572149","4kPmbjbr2oUHJmaDXEDno4"
"I'm sad","Bassti","Winter - EP","Favorite Songs","Favorite","DEQ121749203","5Bhlgul8adzYbmy4aLRy6y"
"another perspective","Idealism","hiraeth","Favorite Songs","Favorite","QM42K1612580","4jNUYBuUipHefrBzXLbUdJ"
"Say Love","James TW","Chapters","Favorite Songs","Favorite","USUM71803151","49PVaqTTK6qn8Ku5BIR8Gt"
"you’re a ghost","White Shinobi","Broken Feelings","Favorite Songs","Favorite","QM24S1705110","6tr6SUyZxcaXklWA0Gs0yq"
"JTBC Begin Again3 - Episode2 - One Love - Sorrento ‘Fishing village’ busking Version","Kim Feel","JTBC Begin Again3 - Episode2 - One Love","Favorite Songs","Favorite","QZEKE1911985","2OFF9PAuGci7mOYxXPtLIy"
"The Girl I Haven't Met","Kudasaibeats","Falling","Favorite Songs","Favorite","QZAPG1741641","00iwQgjIgoGO94BRBDyClo"
"owo","KIDD FLYP","owo","Favorite Songs","Favorite","QZNN22012683","4Pwp2wkLEV9sGJEXZvelKr"
"Closer","Lemaitre","Chapter One","Favorite Songs","Favorite","USUM71508235","3h5IIiL9vK5aR0DZO6jD7D"
"Small World","Jack Stauber","HiLo","Favorite Songs","Favorite","QM4DW1869517","7fMLl1RrqGd1l0rrXRIz9U"
"Bullets","Archive","Controlling Crowds (Parts I-III)","Favorite Songs","Favorite","GBEYA0800112","5zxJ3BZyd6BK2gX4b2RnB4"
"cowboy like me","Taylor Swift","evermore","Favorite Songs","Favorite","USUG12004714","1XjHRolIXL2M1EEOUsGGR4"
"Never Can I Ever","In.Drip.","nosebleeds","Favorite Songs","Favorite","USLGZ2000095","4jU150MRZwvXKnDvwvxB4p"
"ポラリス","Aimer","After Dark","Favorite Songs","Favorite","JPN101300881","2l3B7RgXnNlaLVBoGhcWGi"
"Ref:rain","Aimer","Penny Rain","Favorite Songs","Favorite","JPU901704133","0GtSbIUxOgrIcQSp10fuhx"
"Halloween","Phoebe Bridgers","Punisher","Favorite Songs","Favorite","USJ5G2020005","7FQ2JgfdkBcBb3BEbu8Axf"
"No Right To Love You","Rhys Lewis","Things I Chose To Remember","Favorite Songs","Favorite","GBUM71905259","3ZY1udNwoRQ8yHm3sYY4XN"
"Missing Peace","JJ Heller","Missing Peace","Favorite Songs","Favorite","QMAHL2000001","5fTJGZ6k0zokfh5KLfe0sm"
"Down","Jack Curley","Tomorrow EP","Favorite Songs","Favorite","DEQR42001376","3uHWdehoLyQZJECjiTI4a6"
"Best of You (with Elle King)","Andy Grammer","Best of You (with Elle King)","Favorite Songs","Favorite","QMRSZ2000146","1RcA6iOi510XKkKMK13zsf"
"if we never met (feat. Kelsea Ballerini)","John K","if we never met (feat. Kelsea Ballerini)","Favorite Songs","Favorite","USSM12000198","0x0yttxnfoqFUYL1UB3Ckh"
"How To Be Lonely","Rita Ora","How To Be Lonely","Favorite Songs","Favorite","GBAHS1901248","7ydjUPZFQVYZ54NLmoISfG"
"Crying Over You","The Band CAMINO","Crying Over You","Favorite Songs","Favorite","USAT22004621","53bCcVMGv0S2aIYvfju2Tt"
"Paper Planes","Elina","Paper Planes","Favorite Songs","Favorite","SE5262000105","5GzgEC6pWf1USZsCtkG8yC"
"Wait for You","Tom Walker","Wait for You","Favorite Songs","Favorite","GBARL2000604","1prpauWvVGDE0xJAvaDRQt"
"We Belong","Dove Cameron","We Belong","Favorite Songs","Favorite","USQX92003041","6Z0sHILAQuUsmZQ7pMe90N"
"I Need You To Hate Me","JC Stewart","I Need You To Hate Me","Favorite Songs","Favorite","GBAHT2000241","1zY6ekSJ8VI6tZ6nBqoo7g"
"IDK You Yet","Alexander 23","IDK You Yet","Favorite Songs","Favorite","USUM72007268","47EWMOElkkbMp5m9SBkx7d"
"Happy Now","Zedd","Happy Now","Favorite Songs","Favorite","USUM71808663","4keoy2fqgwGnbWlm3ZVZFa"
"I'd Rather Be With You [Radio Edit]","Joshua Radin","Simple Times (Reissue)","Favorite Songs","Favorite","USQE91000008","0tiJ44M85rqHU0a5RMQN8x"
"Grapevine Valentine","Kingsfoil","A Beating Heart Is a Bleeding Heart","Favorite Songs","Favorite","QMM8G1200005","0r2vPIbVws8qESpX99Ii4H"
"I Like Me Better","Lauv","I Like Me Better","Favorite Songs","Favorite","GBWWP1702907","1wjzFQodRWrPcQ0AnYnvQ9"
"Jane","Roy Blair","Cat Heaven","Favorite Songs","Favorite","USUYG1169286","34hUQ9ahInlX8q5T4Baeg1"
"Maybe","SOAK","Grim Town","Favorite Songs","Favorite","GBCVZ1800112","1YeiQ89ozDpyfYydmiFGep"
"Human","Rag'n'Bone Man","Human (Deluxe)","Favorite Songs","Favorite","GBARL1600665","58zsLZPvfflaiIbNWoA22O"
"Talking to the Moon","Bruno Mars","Doo-Wops & Hooligans","Favorite Songs","Favorite","USAT21001985","161DnLWsx1i3u1JT05lzqU"
"far away from here","yaeow","my first songs","Favorite Songs","Favorite","SE5751902219","6ImJSZMD21XpfOycdUVyDV"
"lonely again","gnash","if","Favorite Songs","Favorite","USAT21700417","6hmFoos3ZUupYAyCCSuUfW"
"Lines of the Broken","DROELOE","Lines of the Broken","Favorite Songs","Favorite","NLRD51632011","4AqH4V7PEC5BTK29FVmXQd"
"don't worry about me","killedmyself","Backyard Cemetery II","Favorite Songs","Favorite","QM42K1704498","1Kz5Mgnf6fpjlrx2Rsjy0x"
"Lover's Game","Geographer","Myth","Favorite Songs","Favorite","US8JX1200096","6NXfT9W9n9clyL1KuXPNQO"
"With Me","Sum 41","Underclass Hero","Favorite Songs","Favorite","USUM70740344","1OTvWduKQV0MQd2gnGM9He"
"Coffee (feat. Marc E. Bassy)","Quinn XCII","A Letter To My Younger Self","Favorite Songs","Favorite","USSM12002051","4CxmynXhw78QefruycvxG8"
"all the kids are depressed","Jeremy Zucker","glisten","Favorite Songs","Favorite","USUM71804195","75ls0gurX68lUmMjE7QcsE"
"Free Loop","Daniel Powter","Daniel Powter","Favorite Songs","Favorite","USWB10401973","2rtSjGAgCkHL5mKboZMVgD"
"Death with Dignity","Sufjan Stevens","Carrie & Lowell","Favorite Songs","Favorite","US64G1509901","4fpEuKIzTLmMJnYwFU0oqr"
"Sorry","Halsey","hopeless fountain kingdom (Deluxe)","Favorite Songs","Favorite","USUM71702216","44n97yHySt0Z9rqPaXgjCK"
"Din Don Dan","Ryu*","Din Don Dan","Favorite Songs","Favorite","JPC231500238","4Cd0DgLTtj0ACipxzHQiCg"
"World Order","World Order","World Order","Favorite Songs","Favorite","JPZ920913374","1LPojM5AKaVXEj8FaPS4oN"
"HAVE A NICE DAY","World Order","HAVE A NICE DAY","Favorite Songs","Favorite","TCJPE1653201","584Om3nCZMNItTCpTsfNZH"
"that won't save us","Against The Current","that won't save us","Favorite Songs","Favorite","USAT22006353","4sB0hXFEmjZJR09ilZWsQw"
"GIANTS","True Damage","GIANTS","Favorite Songs","Favorite","QZH6S1900251","5C0ivQMxes2lWuOANhvVAm"
"POP/STARS","K/DA","POP/STARS","Favorite Songs","Favorite","NLRD51859885","5sbooPcNgIE22DwO0VNGUJ"
"THE BADDEST","K/DA","THE BADDEST","Favorite Songs","Favorite","QZH6S1900262","2V4Fx72svQRxrFvNT1eq5f"
"Confessions (feat. Cozi Zuehlsdorff)","Myrne","Confessions (feat. Cozi Zuehlsdorff)","Favorite Songs","Favorite","CA6D21700238","4YquSHfespouUSHEG6ipH7"
"When Did I Lose It All?","Pale Waves","My Mind Makes Noises","Favorite Songs","Favorite","GBK3W1800786","2DYvkEHX3euVePxMuTCdz6"
"Mr. Sandman - Piano and Violin Version","SYML","Mr. Sandman","Favorite Songs","Favorite","CAN111700077","4dUN1lZSnUYC5lwyYC1Ypn"
"Mr. Sandman","SYML","Mr. Sandman","Favorite Songs","Favorite","CAN111700076","1ibQiWl2i50MGt3SpRuE0D"
"The Fighter","Gym Class Heroes","The Papercut Chronicles II","Favorite Songs","Favorite","USAT21102798","77ZdAoTHYoF6Umo76HFD4m"
"Life Goes On (feat. Oh Land)","Gym Class Heroes","The Papercut Chronicles II","Favorite Songs","Favorite","USAT21102796","3nUszV5llWoAaYBjIh7YQa"
"Ass Back Home (feat. Neon Hitch)","Gym Class Heroes","The Papercut Chronicles II","Favorite Songs","Favorite","USAT21102797","3bfqkspKABT4pPicm6wC9F"
"Stereo Hearts (feat. Adam Levine)","Gym Class Heroes","The Papercut Chronicles II","Favorite Songs","Favorite","USAT21101071","0qOnSQQF0yzuPWsXrQ9paz"
"僕が死のうと思ったのは (Live at Spotify on Stage in MIDNIGHT SONIC)","amazarashi","amazarashi Live at Spotify on Stage in MIDNIGHT SONIC","Favorite Songs","Favorite","JPU901902879","0A0xEgSYLtYdwfkPI3U91r"
"Get You The Moon (feat. Snøw)","Kina","Get You The Moon (feat. Snøw)","Favorite Songs","Favorite","USSM11808093","4ZLzoOkj0MPWrTLvooIuaa"
"A Beautiful Song (Simone Beauvoir) [From ""NieR: Automata""]","PurpleSchala","A Keiichi Okabe Easter","Favorite Songs","Favorite","QZ22B1791409","3OV3jkKYY3kcYCFATKXiO3"
"Something In The Way","Nirvana","Nevermind (Deluxe Edition)","Favorite Songs","Favorite","USGF19942512","16LgXyNShQbrqBRF4TT1Sr"
"Run Boy Run","Woodkid","The Golden Age","Favorite Songs","Favorite","FR4DI1200110","0boS4e6uXwp3zAvz1mLxZS"
"Say So - Japanese Version","Rainych","Say So (Japanese Version)","Favorite Songs","Favorite","QZGWW2069160","6HibhGOvkFN74gWRTr6w2i"
"Funny","Zedd","Funny","Favorite Songs","Favorite","USAT22003344","4FYbo4yQzu3hGkj2Ix4ucW"
"六兆年と一夜物語","WagakkiBand","ボカロ三昧","Favorite Songs","Favorite","JPB601304922","1L2CbnBS9C8uNMbS6GSHer"
"Sweet Connection","Jessica Ricca","Sweet Connection","Favorite Songs","Favorite","TCAEZ2047844","2NXo2gD1lFrfoo8EyiVIqR"
"Renai Circulation","Rainych","Renai Circulation","Favorite Songs","Favorite","QZGWW2123615","4dAyGJDhLLfSkLZ2AsjaGj"
"FourFiveSeconds","Rihanna","FourFiveSeconds","Favorite Songs","Favorite","USJMT1500001","78TTtXnFQPzwqlbtbwqN0y"
"Godzilla (feat. Juice WRLD)","Eminem","Music To Be Murdered By","Favorite Songs","Favorite","USUM72000788","7FIWs0pqAYbP91WWM0vlTQ"
"Ghost","Au/Ra","Ghost","Favorite Songs","Favorite","GBARL1901090","5TgS4dcUAU8EEb506d8wAT"
"broken","lovelytheband","finding it hard to smile","Favorite Songs","Favorite","US3DF1712109","6XcfKZvJio9Z0fQy11GnNX"
"Sweet Dreams (Are Made of This) - 2005 Remaster","Eurythmics","Sweet Dreams (Are Made Of This)","Favorite Songs","Favorite","GBARL0300589","1TfqLAPs4K3s2rJMoCokcS"
"Higher","Lemaitre","Chapter One","Favorite Songs","Favorite","USUM71704556","2jIMtd2GaUesi6u3hO2Anb"
"Before You Go","Lewis Capaldi","Divinely Uninspired To A Hellish Extent (Extended Edition)","Favorite Songs","Favorite","DEUM71905868","2gMXnyrvIjhVBUZwvLZDMP"
"So This Is Love","Mike Douglas","Dear Heart","Favorite Songs","Favorite","USWD10835153","5KSjJrknI8zL9B5RX2WJh8"
"when the party's over","Billie Eilish","WHEN WE ALL FALL ASLEEP, WHERE DO WE GO?","Favorite Songs","Favorite","USUM71815958","43zdsphuZLzwA9k4DJhU0I"
"bad guy","Billie Eilish","WHEN WE ALL FALL ASLEEP, WHERE DO WE GO?","Favorite Songs","Favorite","USUM71900764","2Fxmhks0bxGSBdJ92vM42m"
"Lalala - Remix - [feat. Enrique Iglesias & Carly Rae Jepsen]","Y2K","Lalala (Remix - [feat. Enrique Iglesias & Carly Rae Jepsen])","Favorite Songs","Favorite","USSM11913549","4XZIuf6EJw8HKOkRC9Jlj4"
"lovely (with Khalid)","Billie Eilish","lovely (with Khalid)","Favorite Songs","Favorite","USUM71804190","0u2P5u6lvoDfwTYjAADbn4"
"A Pleasing Smile","Aloboi","A Pleasing Smile","Favorite Songs","Favorite","QZFZ62019045","1ADRPJBAzOFNpzNZaoFAdl"
"New Soul","Yael Naim","Yael Naim","Favorite Songs","Favorite","FR79W0700370","09nEPqqMCJ5gNioi7M2dth"
"everything i wanted","Billie Eilish","everything i wanted","Favorite Songs","Favorite","USUM71922577","3ZCTVFBt2Brf31RLEnCkWJ"
"Because of You","Kelly Clarkson","Breakaway","Favorite Songs","Favorite","GBCTA0400265","0gJvqi9QyASOCtJu99tytc"
"Same Old Love","Selena Gomez","Revival (Deluxe)","Favorite Songs","Favorite","USUM71510437","6ZANrVuAMp2rpjhfbOuJly"
"Radioactive","Imagine Dragons","Night Visions","Favorite Songs","Favorite","USUM71201074","62yJjFtgkhUrXktIoSjgP2"
"Pumped Up Kicks","Foster The People","Torches","Favorite Songs","Favorite","USSM11002931","7w87IxuO7BDcJ3YUqCyMTT"
"Heathens","Twenty One Pilots","Heathens","Favorite Songs","Favorite","USAT21601930","6i0V12jOa3mr6uu4WYhUBr"
"All of Me","John Legend","Love In The Future (Expanded Edition)","Favorite Songs","Favorite","USSM11303954","3U4isOIWM3VvDubwSI3y7a"
"We Are Young","Tonight","We Are Young - Single","Favorite Songs","Favorite","USQY51258582","3nfa1zSNP1V1T74wbKVTtT"
"Surrender","Natalie Taylor","Surrender","Favorite Songs","Favorite","USQX92001180","0ecC8p17cDNlxHXkuYqeR6"
"Lucid Dreams","Juice WRLD","Goodbye & Good Riddance","Favorite Songs","Favorite","USUG11800685","285pBltuF7vW8TeWk8hdRR"
"Anna, Please Don't Go","Life in Film","Here It Comes (Deluxe Version)","Favorite Songs","Favorite","GBKPL1512865","0bSmq9e4KxZb7mL8r9R6uf"
"Rise Up","Andra Day","Cheers to the Fall","Favorite Songs","Favorite","USWB11505334","0tV8pOpiNsKqUys0ilUcXz"
"Toss A Coin To Your Witcher","Sonya Belousova","Toss A Coin To Your Witcher","Favorite Songs","Favorite","USQX92000198","7iQM9DQUFKUSNjVt8GQZV2"
"Sunflower - Spider-Man: Into the Spider-Verse","Post Malone","Spider-Man: Into the Spider-Verse (Soundtrack From & Inspired by the Motion Picture)","Favorite Songs","Favorite","USUM71814888","3KkXRkHbMCARz0aVfEt68P"
"Through The Fire And Flames","DragonForce","Killer Elite","Favorite Songs","Favorite","GBAJE0508258","1iTb2vi8Bls7QY6CKL2gj2"
"Viva La Vida","Coldplay","Viva La Vida or Death and All His Friends","Favorite Songs","Favorite","GBAYE0800265","1mea3bSkSGXuIRvnydlB5b"
"Yellow","Coldplay","Parachutes","Favorite Songs","Favorite","GBAYE0000267","3AJwUDP919kvQ9QcozQPxg"
"Already Gone","Disturbed","Evolution (Deluxe Edition)","Favorite Songs","Favorite","USRE11800608","2bIGTwtsxXPGaDWhjCjtr0"
"Mercy","Shawn Mendes","Illuminate (Deluxe)","Favorite Songs","Favorite","USUM71603531","0AS63m1wHv9n4VVRizK6Hc"
"Something Just Like This","The Chainsmokers","Memories...Do Not Open","Favorite Songs","Favorite","USQX91700278","6RUKPb4LETWmmr3iAEQktW"
"Have Yourself a Merry Little Christmas","Rook1e","Home for Christmas","Favorite Songs","Favorite","CA5KR1706824","63R9mcsJilIGl2J3RhV51y"
"Meant to Be (feat. Florida Georgia Line)","Bebe Rexha","All Your Fault: Pt. 2","Favorite Songs","Favorite","USWB11701181","7iDa6hUg2VgEL1o1HjmfBn"
"If I Go, I'm Goin","Gregory Alan Isakov","This Empty Northern Hemisphere","Favorite Songs","Favorite","uscgj0988307","1vqtj4c5aNPKkLS2LXkd4E"
"Red Right Hand (Peaky Blinders Theme) - Flood Remix","Nick Cave & The Bad Seeds","Red Right Hand Peaky Blinders","Favorite Songs","Favorite","GB5KW1499411","00Aud5cYpOufUmlVmJJCed"
"I Swear","All-4-One","Rhino Hi-Five: All-4-One","Favorite Songs","Favorite","USAT29400058","3V0PeMg2mhbYRtk9bioAwF"
"Señorita","Shawn Mendes","Señorita","Favorite Songs","Favorite","USUM71911283","0TK2YIli7K1leLovkQiNik"
"F**K All the Perfect People","Chip Taylor","F**K All the Perfect People","Favorite Songs","Favorite","USYVC1204303","2DFD0Zga3HBwMHIpGnsZJz"
"Stone Cold Body","Blackbriar","We'd Rather Burn EP","Favorite Songs","Favorite","NLP7Q1800006","5rWfk4qFRbibRLxh4ndZI8"
"Arms of the Ocean","Blackbriar","We'd Rather Burn EP","Favorite Songs","Favorite","NLP7Q1800002","2qcxAbaFai3ZXle18e7FTn"
"Cry of a Banshee","Blackbriar","We'd Rather Burn EP","Favorite Songs","Favorite","NLP7Q1800003","1Bv7Se3LLFB5OInmIG2zj0"
"Let Me In","Blackbriar","We'd Rather Burn EP","Favorite Songs","Favorite","NLP7Q1800005","0nBGuCJeZimI0MNKGt4oSD"
"I'd Rather Burn","Blackbriar","We'd Rather Burn EP","Favorite Songs","Favorite","NLP7Q1800004","1GzcLTRTeI6OY1vwpUCwnm"
"The End","Daughter","The End","Favorite Songs","Favorite","GBAFL1500162","7zqhUgWpWzwYnT9eewPJEK"
"Bad Day","Daniel Powter","Daniel Powter","Favorite Songs","Favorite","USWB10401971","0mUyMawtxj1CJ76kn9gIZK"
"Memories","Maroon 5","Memories","Favorite Songs","Favorite","USUM71913350","2b8fOow8UzyDFAE27YhOZM"
"Old Town Road (feat. Billy Ray Cyrus) - Remix","Lil Nas X","7","Favorite Songs","Favorite","USSM11902498","2YpeDb67231RjR0MgVLzsG"
"Too Sad To Cry","Sasha Alex Sloan","Self Portrait","Favorite Songs","Favorite","USRC11902970","3CRtbOoAP82y0VbPO5j1ft"
"HUMBLE.","Kendrick Lamar","DAMN.","Favorite Songs","Favorite","USUM71703085","7KXjTSCq5nL1LoYtL7XAwS"
"God's Plan","Drake","Scorpion","Favorite Songs","Favorite","USCM51800004","6DCZcSspjsKoFjzjrWoCdn"
"Someone You Loved","Lewis Capaldi","Divinely Uninspired To A Hellish Extent","Favorite Songs","Favorite","DEUM71807062","7qEHsqek33rTcFNT9PFqLf"
"Slow Dancing in a Burning Room","John Mayer","Continuum","Favorite Songs","Favorite","USSM10603632","2jdAk8ATWIL3dwT47XpRfu"
"Bruises","Lewis Capaldi","Divinely Uninspired To A Hellish Extent","Favorite Songs","Favorite","GBKPL1778698","4Of7rzpRpV1mWRbhp5rAqG"
"Chikatto Chika Chika (From “Kaguya-sama: Love is War”) [Japanese Version]","Lizz Robinett","Chikatto Chika Chika (From “Kaguya-sama: Love is War”)","Favorite Songs","Favorite","QZGWW1922417","7GfFPwYWuH88yzybgdx1il"
"Omae Wa Mou","deadman 死人","Omae Wa Mou","Favorite Songs","Favorite","GBSMU6641474","3JdmViRk48bKJNGUSbEvwD"
"What If I Loved You","Galen Crew","Acoustic Daydreams","Favorite Songs","Favorite","ushm81298963","5xjlU87j6IpOZt1Xt6biV3"
"Remember The Name (feat. Eminem & 50 Cent)","Ed Sheeran","No.6 Collaborations Project","Favorite Songs","Favorite","GBAHS1900720","0AtP8EkGPn6SwxKDaUuXec"
"Be Alright","Dean Lewis","Acoustic Music Australia","Favorite Songs","Favorite","AUUM71800255","0VToirmuJt1XRPcSpVCAGZ"
"It Ain't Easy","Muddy Magnolias","Broken People","Favorite Songs","Favorite","QZ45Z1600006","2e58JCJzmWLtlLt0320MVp"
"Let Me Down Slowly","Alec Benjamin","Narrated For You","Favorite Songs","Favorite","USAT21802284","2qxmye6gAegTMjLKEBoR3d"
"Sorry","Halsey","hopeless fountain kingdom (Deluxe)","Favorite Songs","Favorite","USUM71702216","2DyCLtTrd9f2DRRDq1ngJx"
"Without You","Ursine Vulpine","Without You","Favorite Songs","Favorite","GBKPL1831292","2SvIwED5a6xYm5S9s8wvsC"
"Ruins","Ella Isaacson","Ruins","Favorite Songs","Favorite","QM2PV1519891","6OXU517AeB6iYEMy10rRmr"
"I've No More Fucks To Give","Thomas Benjamin Wild Esq","I've No More Fucks To Give","Favorite Songs","Favorite","GBMA21941089","0R4EcD2e5m9wsMmWVVbBOc"
"22 (feat. Delaney)","Abstract","Something to Write Home About","Favorite Songs","Favorite","TCACR1625858","3V4pCSmzK7O6z3IKWHlEgJ"
"Hand of Sorrow","Within Temptation","The Heart of Everything","Favorite Songs","Favorite","NLR260600017","61i8W3gHpGUAIDlQj5UUAE"
"DESPUES QUE TE PERDI","Jon Z","DESPUES QUE TE PERDI","Favorite Songs","Favorite","USSD11900061","5gsW8TMmNVnevjq13h0Nlp"
"","","","Favorite Songs","Favorite","","2SIHJo8TXKvFvaW0XvMztF"
"Kiss the Rain","Lucas Jayden","Kiss the Rain","Favorite Songs","Favorite","DEPI81704911","191tSXy3hWRbFMJxZWjE8K"
"Home","Michael Bublé","It's Time","Favorite Songs","Favorite","USRE10401888","3lyLqIn8mybyEFTs8JJaLf"
"Please Don't Go","Joel Adams","Please Don't Go","Favorite Songs","Favorite","AUZN31500442","3cNjgVBKTJ1SvKhunrCdVy"
"Sing Me to Sleep","Alan Walker","Sing Me to Sleep","Favorite Songs","Favorite","NOG841611010","2Fjz5ZC5BvFdCqcnTZ3ilH"
"Umbrella","Ember Island","Umbrella","Favorite Songs","Favorite","TCADE1718382","2FX5HPP1FNNuLlt2UU9os7"
"Scars To Your Beautiful","Alessia Cara","Know-It-All (Deluxe)","Favorite Songs","Favorite","USUM71506811","0prNGof3XqfTvNDxHonvdK"
"Sitting Next to You","Piano Tiles2","Sitting Next to You","Favorite Songs","Favorite","TCACZ1757093","77FUknLt7tSHR9brby5sMd"
"I Remember The","Shandy Gan","愛情公寓4(原聲大碟)","Favorite Songs","Favorite","HKA411300002","55D2GOc7wbspwctaMhjF1G"
"Go Hard or Go Home","Wiz Khalifa","Furious 7: Original Motion Picture Soundtrack","Favorite Songs","Favorite","USAT21500311","2QJnTfMpNG05KFf2E3gVIJ"
"The River Flows In You","Yiruma","Chilled Piano Vol.2","Favorite Songs","Favorite","GBF071402160","2YTVSDyIdZtxLzuiCbiCTc"
"Stay","Joie Tan","Stay","Favorite Songs","Favorite","QMBZ91761608","3NZQG9y1awXYEEwR9jm3GX"
"The Story Never Ends","Lauv","I met you when I was 18. (the playlist)","Favorite Songs","Favorite","TCACS1676215","3u5bTqHMM1P34ZkbwzdckV"
"Iridescent","Linkin Park","A Thousand Suns","Favorite Songs","Favorite","USWB11001855","69ZEgPX0hxWXJIqkTlYz41"
"Two Is Better Than One (feat. Taylor Swift)","BOYS LIKE GIRLS","Love Drunk","Favorite Songs","Favorite","USSM10904174","1MaqkdFNIKPdpQGDzme5ss"
"Una mattina (From ""The Intouchables"")","Ludovico Einaudi","Piano Movie Lounge, Vol. 2","Favorite Songs","Favorite","CH0011500338","3KUH1OyEzTNzz0ibw94A8E"
"Nos Fuimos Lejos (feat. El Micha)","Descemer Bueno","Nos Fuimos Lejos (feat. El Micha)","Favorite Songs","Favorite","USSD11800135","7yfha8TaN0DVNGp180Z5Zr"
"Havana (feat. Young Thug)","Camila Cabello","Camila","Favorite Songs","Favorite","USSM11706905","1rfofaqEpACxVEHIZBJe6W"
"We Would Never Do","Taska Black","We Would Never Do","Favorite Songs","Favorite","CA6D21800029","3VtEB8PuRNITbgAAbHUieL"
"Trust in Me","Direct","Trust in Me - EP","Favorite Songs","Favorite","CA6D21600254","2wUNYuztAnmnOFYy15Wruc"
"Homesick","Dua Lipa","Dua Lipa (Deluxe)","Favorite Songs","Favorite","GBAHT1600312","5E5MqaS6eOsbaJibl3YeMZ"
"Gotta Have You","The Weepies","Say I Am You","Favorite Songs","Favorite","CAN110501046","0YNNfiKJb4yqUDtCcX1cHK"
"Hotter Than Hell","Dua Lipa","Dua Lipa (Deluxe)","Favorite Songs","Favorite","GBAHT1600182","5eTNdkstwKaNahHf41fJ9u"
"Genesis","Dua Lipa","Dua Lipa (Deluxe)","Favorite Songs","Favorite","GBAHT1600300","4P76CEIXrrWT2cgS1YrTMr"
"My Love (feat. Major Lazer, WizKid, Dua Lipa)","Wale","Shine","Favorite Songs","Favorite","USAT21700887","7rfiXyFb5M9BqdkvKvVEiB"
"Be the One","Dua Lipa","Dua Lipa (Deluxe)","Favorite Songs","Favorite","GBAHT1500573","7FCfMXYTIiQ9b4hDYs4Iol"
"Blow Your Mind (Mwah)","Dua Lipa","Dua Lipa (Deluxe)","Favorite Songs","Favorite","GBAHT1600302","2eAAEa8pxKF7My0EO4rFgR"
"Scared to Be Lonely","Martin Garrix","Scared to Be Lonely","Favorite Songs","Favorite","NLM5S1600025","3ebXMykcMXOcLeJ9xZ17XH"
"New Rules","Dua Lipa","Dua Lipa (Deluxe)","Favorite Songs","Favorite","GBAHT1600310","2ekn2ttSfGqwhhate0LSR0"
"IDGAF","Dua Lipa","Dua Lipa (Deluxe)","Favorite Songs","Favorite","GBAHT1600301","76cy1WJvNGJTj78UqeA5zr"
"EL BAÑO","Enrique Iglesias","EL BAÑO","Favorite Songs","Favorite","USRC11701002","2vvdTrdryjsl8DmPIMDWZU"
"Closer","The Chainsmokers","Closer","Favorite Songs","Favorite","USQX91601347","7BKLCZ1jbUBVqRi2FVlTVw"
"Mi Gente","J Balvin","Mi Gente","Favorite Songs","Favorite","FR22F1701790","2rb5MvYT7ZIxbKW5hfcHx8"
"Corazón (feat. Nego do Borel)","Maluma","Corazón (feat. Nego do Borel)","Favorite Songs","Favorite","USSD11700459","4lESS6vuruP6a79KWRaQou"
"Say You Won't Let Go","James Arthur","Back from the Edge","Favorite Songs","Favorite","DEE861600586","5uCax9HTNlzGybIStD3vDh"
"Chantaje (feat. Maluma)","Shakira","El Dorado","Favorite Songs","Favorite","USSD11600299","6mICuAdrwEjh6Y6lroV2Kg"
"Stay Together For The Kids","blink-182","Take Off Your Pants And Jacket","Favorite Songs","Favorite","USMC10110877","7M4LqvMyypNP8NPAt2AXil"
"24K Magic","Bruno Mars","24K Magic","Favorite Songs","Favorite","USAT21602944","6b8Be6ljOzmkOmFslEb23P"
"That's What I Like","Bruno Mars","24K Magic","Favorite Songs","Favorite","USAT21602948","0KKkJNfGyhkQ5aFogxQAPU"
"Trouble Sleeping","Corinne Bailey Rae","Corinne Bailey Rae","Favorite Songs","Favorite","GBAYE0501664","7m8PDR3PRg5lPhWMdYrktc"
"Cosmo","Hamo","Cytus-Hindsight-","Favorite Songs","Favorite","TCABS1321962","65JQhiYLLTG9yq7H6sajh0"
"Eraser","Ed Sheeran","÷ (Deluxe)","Favorite Songs","Favorite","GBAHS1700020","7oolFzHipTMg2nL7shhdz2"
"Castle on the Hill","Ed Sheeran","÷ (Deluxe)","Favorite Songs","Favorite","GBAHS1600462","6PCUP3dWmTjcTtXY02oFdT"
"Dive","Ed Sheeran","÷ (Deluxe)","Favorite Songs","Favorite","GBAHS1700022","51ChrwmUPDJvedPQnIU8Ls"
"Perfect","Ed Sheeran","÷ (Deluxe)","Favorite Songs","Favorite","GBAHS1700024","0tgVpDi06FyKpA1z0VMD4v"
"Happier","Ed Sheeran","÷ (Deluxe)","Favorite Songs","Favorite","GBAHS1700028","2RttW7RAu5nOAfq6YFvApB"
"New Man","Ed Sheeran","÷ (Deluxe)","Favorite Songs","Favorite","GBAHS1700030","5HDPtsnyb3maFmPL8LLUTG"
"Hearts Don't Break Around Here","Ed Sheeran","÷ (Deluxe)","Favorite Songs","Favorite","GBAHS1700032","2dfHh7ECGxfNqZTQno09Vk"
"What Do I Know?","Ed Sheeran","÷ (Deluxe)","Favorite Songs","Favorite","GBAHS1700036","2pJZ1v8HezrAoZ0Fhzby92"
"How Would You Feel (Paean)","Ed Sheeran","÷ (Deluxe)","Favorite Songs","Favorite","GBAHS1700038","6PJ8FF6UR8FZXfEvpHkIVN"
"Supermarket Flowers","Ed Sheeran","÷ (Deluxe)","Favorite Songs","Favorite","GBAHS1700040","4VuS959DSpr82t3qBqCrWG"
"Barcelona","Ed Sheeran","÷ (Deluxe)","Favorite Songs","Favorite","GBAHS1700042","3Lfiu5sZ4M4B6JaKMBc0FU"
"Bibia Be Ye Ye","Ed Sheeran","÷ (Deluxe)","Favorite Songs","Favorite","GBAHS1700044","6SznMYPQJHzr3IwsAHLId2"
"Nancy Mulligan","Ed Sheeran","÷ (Deluxe)","Favorite Songs","Favorite","GBAHS1700046","35QZaWQRkmnAVqBF1TLCxQ"
"Save Myself","Ed Sheeran","÷ (Deluxe)","Favorite Songs","Favorite","GBAHS1700048","6TIU9Ehmi6dMzZK73Ym4yj"
"Galway Girl","Ed Sheeran","÷ (Deluxe)","Favorite Songs","Favorite","GBAHS1700026","0afhq8XCExXpqazXczTSve"
"Thrift Shop (feat. Wanz)","Macklemore & Ryan Lewis","The Heist","Favorite Songs","Favorite","GMM881200003","4YMqbFcDIFiCBd02PzUBcM"
"Treat You Better","Shawn Mendes","Illuminate","Favorite Songs","Favorite","USUM71604711","3AFfyUXTfj12PgrOkZiiJo"
"(Intro) Sorry About What Happened Last Night","A L E X","Growing Up, Vol. 1","Favorite Songs","Favorite","QM2PV1796485","4gEHdR5E8rul2TZnWbY0d6"
"The Burn Marks on My Epiano Wont Go Away","A L E X","Growing Up, Vol. 1","Favorite Songs","Favorite","QM2PV1796486","6IsX4N6M7i9OrYc4t70Swv"
"I Wasnt Allowed to Watch Whose Line as a Kid but I Think Its Pretty Good Now","A L E X","Growing Up, Vol. 1","Favorite Songs","Favorite","QM2PV1796487","0MLqAD0FVivFq37NpnOQTo"
"Auburn Flowers","A L E X","Growing Up, Vol. 1","Favorite Songs","Favorite","QM2PV1796488","4sTI7S9XEGwUwnV8S5WTqT"
"Zeldas Lullaby","A L E X","Growing Up, Vol. 1","Favorite Songs","Favorite","QM2PV1796489","3dQR7lwVcVvRBzrR03ELzd"
"Elevator Music","A L E X","Growing Up, Vol. 1","Favorite Songs","Favorite","QM2PV1796490","4myL45wizVmR6OXz06DSg3"
"Missing My Ntpp","A L E X","Growing Up, Vol. 1","Favorite Songs","Favorite","QM2PV1796491","7BcbuYe4X7kYgmbFUxBG9e"
"I Miss Having Sleep Overs","A L E X","Growing Up, Vol. 1","Favorite Songs","Favorite","QM2PV1796492","3DAFazP2UDneYrCJOKPCYL"
"Interlude for Felix","A L E X","Growing Up, Vol. 1","Favorite Songs","Favorite","QM2PV1796493","4fltMrvOC2b8xiKuGmhsCu"
"Hisaishi","A L E X","Growing Up, Vol. 1","Favorite Songs","Favorite","QM2PV1796494","67C2lQFnHOZQ1ajrDKDdV8"
"Snoozin","A L E X","Growing Up, Vol. 1","Favorite Songs","Favorite","QM2PV1796495","73If0IkuGkPdJ9dM5tlojE"
"This One","A L E X","Growing Up, Vol. 1","Favorite Songs","Favorite","QM2PV1796496","2t4hkaKj6BsMjBE6ebzssJ"
"No One Would Miss Me","A L E X","Growing Up, Vol. 1","Favorite Songs","Favorite","QM2PV1796497","5xHwAQiKx72cDuMCVkEF79"
"Drive Me Home","A L E X","Growing Up, Vol. 1","Favorite Songs","Favorite","QM2PV1796498","5bSihJX0PLnPwyCjf3YUg3"
"Isaiah's Unsung Love Song","A L E X","Growing Up, Vol. 1","Favorite Songs","Favorite","QM2PV1796499","4yEfso9iSkni1mW5Q08OrA"
"No One Really Seems to Care","A L E X","Growing Up, Vol. 1","Favorite Songs","Favorite","QM2PV1796500","2seHvxHkZ1IIKXq13fJlLQ"
"Y Did U Say Tht","A L E X","Growing Up, Vol. 1","Favorite Songs","Favorite","QM2PV1796501","1Yp0GVkaGUTeoWdoGzT0nw"
"Lord You're Okay","A L E X","Growing Up, Vol. 1","Favorite Songs","Favorite","QM2PV1796502","5j6l2MK4cYAkysnBIyhA9G"
"Ganymede Elegy","A L E X","Growing Up, Vol. 1","Favorite Songs","Favorite","QM2PV1796503","1STcbHSVDutpKAuHWozPbN"
"Am Am Am","A L E X","Growing Up, Vol. 1","Favorite Songs","Favorite","QM2PV1796504","012bm8kyOhuNuSV35ikHOZ"
"Growing Up","A L E X","Growing Up, Vol. 1","Favorite Songs","Favorite","QM2PV1796505","3tiF7unFuV68Q9vy7JXPRh"
"Sleep Next to Me","A L E X","Growing Up, Vol. 1","Favorite Songs","Favorite","QM2PV1796506","07MZXSRBs5DJxYZiRTFJe8"
"Faded","Alan Walker","Faded","Favorite Songs","Favorite","NOG841549010","7gHs73wELdeycvS48JfIos"
"Wasted Roses","JT Roach","Wasted Roses","Favorite Songs","Favorite","GBKPL1790817","3JEjuHVUzLgqDkdsukl80U"
"Love Vigilantes","Iron & Wine","Around The Well","Favorite Songs","Favorite","USSUB0980816","0ahOkCowJzgyrkoB1HJLPY"
"Flightless Bird, American Mouth","Iron & Wine","The Shepherd's Dog","Favorite Songs","Favorite","USSUB0771012","6iWwfN1euztxZi1OK38HbU"
"Wicked Game","Ursine Vulpine","Wicked Game","Favorite Songs","Favorite","GBKPL1668098","2qZVVN9arDWwNVS8onFB7k"
"Way down We Go","KALEO","Way down We Go","Favorite Songs","Favorite","USAT21502122","7aUuoq4oMfLxaLa5GVUDHi"
"Hey Mamma - Radio Edit","Sunstroke Project","Hey Mamma","Favorite Songs","Favorite","ITDW01700025","4Vik7bcpSZEQLIwCLe5aSx"
"Too Much To Ask","Niall Horan","Too Much To Ask","Favorite Songs","Favorite","USUG11701396","3hRZsdTF5uyGA2uhNqEuhm"
"Waking Up Slow","Gabrielle Aplin","Waking Up Slow (Piano)","Favorite Songs","Favorite","GB23W1700038","7E9QA6hL8Ebk0yHXeV1UIB"
"Fortress (feat. Joni Fatora)","ILLENIUM","Ashes","Favorite Songs","Favorite","TCACK1580831","3cn8bRbgGBwS05SalGX9HK"
"Professional Rapper (feat. Snoop Dogg)","Lil Dicky","Professional Rapper","Favorite Songs","Favorite","QM4HH1550002","1Ysc1uDZtf430TGavoS1j4"
"Molly (feat. Brendon Urie of Panic at the Disco)","Lil Dicky","Professional Rapper","Favorite Songs","Favorite","QM4HH1550007","0NBiC3zLXoBQXBjsbnbwJq"
"Lemme Freak","Lil Dicky","Professional Rapper","Favorite Songs","Favorite","QM4HH1550004","0egGmGkZ8maYdEYo4RrVsZ"
"2.3.5.41","Nima Fakhrara","The Signal (Original Motion Picture Soundtrack)","Favorite Songs","Favorite","US3M51428422","5r0QfbU82iCmlA4DOZRngw"
"Cuando Me Enamoro","Enrique Iglesias","Euphoria","Favorite Songs","Favorite","GBUM71003036","66ggIz6W6hlmlyezLBZDcn"
"El Perdón (with Enrique Iglesias)","Nicky Jam","Fénix","Favorite Songs","Favorite","USSD11500005","7qCAVkHWZkF44OzOUKf8Cr"
"Quizás","Enrique Iglesias","Quizás","Favorite Songs","Favorite","USUL10200694","5sfYcK6jgS7oiE0fSujUDE"
"Impossible","James Arthur","James Arthur (Deluxe)","Favorite Songs","Favorite","GBHMU1200338","5yVIlYEHZxQVLyInCdldoS"
"Simple Song","Passenger","The Boy Who Cried Wolf","Favorite Songs","Favorite","GBMQN1500029","70HWRkitkAKfos500LBk0T"
"Sweet Louise","Passenger","The Boy Who Cried Wolf","Favorite Songs","Favorite","GBMQN1700001","0WTQ3OVvyuD49BfO99Q6y7"
"The Boy Who Cried Wolf","Passenger","The Boy Who Cried Wolf","Favorite Songs","Favorite","GBMQN1500035","02KgB1Qyk4PrFweUMGl9NO"
"Walls","Passenger","The Boy Who Cried Wolf","Favorite Songs","Favorite","GBMQN1700003","2zkgbt6A9ZI6pq7dAL0EQ5"
"Setting Suns","Passenger","The Boy Who Cried Wolf","Favorite Songs","Favorite","GBMQN1500036","2dQUWHoHEwFVJBQwPhNWRj"
"And I Love Her","Passenger","The Boy Who Cried Wolf","Favorite Songs","Favorite","GBMQN1700004","0Dv23k5ErS9XO9U2BYRI0F"
"Someday","Passenger","The Boy Who Cried Wolf","Favorite Songs","Favorite","GBMQN1700002","3maGfEFgPZBaSQwfB5f56L"
"In the End","Passenger","The Boy Who Cried Wolf","Favorite Songs","Favorite","GBMQN1700005","6dO5oQiCCvciPZOlUNEmb6"
"Thunder and Lightning","Passenger","The Boy Who Cried Wolf","Favorite Songs","Favorite","GBMQN1700006","16ezutuyRsAwKKSoozqZ1K"
"Lanterns","Passenger","The Boy Who Cried Wolf","Favorite Songs","Favorite","GBMQN1500038","42fyB9HdEfkAqZ8u80Zh2K"
"Danger Zone - From ""Top Gun"" Original Soundtrack","Kenny Loggins","Yesterday, Today, Tomorrow - The Greatest Hits Of Kenny Loggins","Favorite Songs","Favorite","USSM18600108","34x6hEJgGAOQvmlMql5Ige"
"Song of the Ancients (From ""Nier: Gestalt"")","PurpleSchala","A Keiichi Okabe Easter","Favorite Songs","Favorite","QZ22B1791408","43jYIs4u3qq3T0pIvdoThj"
"Kaine (Salvation) [From ""NieR: Gestalt""]","PurpleSchala","A Keiichi Okabe Easter","Favorite Songs","Favorite","QZ22B1791406","4jk3pRYer26Ie4ZkGZZfVe"
"Emil (From ""NieR: Gestalt"")","PurpleSchala","A Keiichi Okabe Easter","Favorite Songs","Favorite","QZ22B1791405","5EMGdpNDc0LnQi1hl5iIri"
"City Ruins (Rays of Light) [From ""NieR: Automata""]","PurpleSchala","A Keiichi Okabe Easter","Favorite Songs","Favorite","QZ22B1791410","58zuOvv2SLB9YUXExqi7lP"
"Vague Hope (Cold Rain) [From ""NieR: Automata""]","PurpleSchala","A Keiichi Okabe Easter","Favorite Songs","Favorite","QZ22B1791407","2C9Ny1ydL2mHRE4BmhbKF1"
"Weight of the World (From ""NieR: Automata"")","PurpleSchala","A Keiichi Okabe Easter","Favorite Songs","Favorite","QZ22B1791411","7h3JmVKbqDExOFQ9SByYPx"
"Mad World (feat. Gary Jules)","Michael Andrews","Donnie Darko (Original Motion Picture Soundtrack)","Favorite Songs","Favorite","USER80100317","511ndT2nNWnvAzPdzo8wBO"
"Everybody Wants To Rule The World - From “The Hunger Games: Catching Fire” Soundtrack","Lorde","Los Juegos Del Hambre: En Llamas (Deluxe Edition)","Favorite Songs","Favorite","NZUM71300190","4GZ7swGhoOMcnMvShyD4po"
"Despacito (Featuring Daddy Yankee)","Luis Fonsi","Despacito (Featuring Daddy Yankee)","Favorite Songs","Favorite","USUM71607007","4aWmUDTfIPGksMNLV2rQP2"
"Young And Beautiful","Lana Del Rey","Young And Beautiful","Favorite Songs","Favorite","GBUM71301823","5UzTtUZper0CphnqZYvsIu"
"Sister Song","Perfume Genius","Put Your Back N 2 It","Favorite Songs","Favorite","GB7TY1102012","2FWIv8b2MsV1L5MrsIXPiV"
"The Scientist","Tyler Ward","Tyler Ward Covers, Vol. 5","Favorite Songs","Favorite","GBDMT1300926","34dnNAUoIPcwnK0RtVMBWZ"
"The Scientist","Coldplay","A Rush of Blood to the Head","Favorite Songs","Favorite","GBAYE0200772","75JFxkI2RXiU7L9VXzMkle"
"Somebody That I Used To Know","Gotye","Making Mirrors","Favorite Songs","Favorite","AUZS21100040","1qDrWA6lyx8cLECdZE7TV7"
"Dear You -Feel- (From ""Higurashi no Naku Koro ni"")","Kenzie Smith Piano","Anime Music Collection Piano Solo, Vol. 5","Favorite Songs","Favorite","USY281610562","4G13AtjKh0YjJ5wTAdT9un"
"In Need","Gert Taberner","Fallen","Favorite Songs","Favorite","TCACR1625463","0P57j6r6TcFMqocbr4DNik"
"Piano Trio No. 2 in E-Flat Major, Op. 100, D. 929: II. Andante con moto","Franz Schubert","Oistrakh Collection, Vol. 3: Schubert Piano Trios Nos. 1 & 2","Favorite Songs","Favorite","CAAGN1671006","6Ze2sHWKgucwJwtTOwdGm1"
"Father And Son","Yusuf / Cat Stevens","Tea For The Tillerman (Remastered)","Favorite Songs","Favorite","GBAAN7000042","2tbdjsdJ9xtyunKnZBkGxF"
"I'm Yours","Jason Mraz","We Sing. We Dance. We Steal Things.","Favorite Songs","Favorite","USEE10800667","1EzrEOXmMH3G43AXT1y7pA"
"Automatic","ZHU","Genesis Series","Favorite Songs","Favorite","USSM11506359","1NB0VPwAw6Rx8b9qvDKB5M"
"Bad Apple!! (From ""Touhou"") [Japanese Vocal Version]","Japan Daisuki","Kawaii!: Anime Songs and J-Pops","Favorite Songs","Favorite","DEY340403475","5M1NTt47ZiFH1QKMyh4BpJ"
"Flower Dance","DJ Okawari","Libyus Music Sound History 2004-2010","Favorite Songs","Favorite","JPZ921010253","53CfmyDc5M5gkDD10zy05k"
"","","","Favorite Songs","Favorite","","4Vu09TiueASvmxn6IeTQmT"
"Beautiful","Crush","Guardian (Original Television Soundtrack), Pt. 4","Favorite Songs","Favorite","KRA491600894","6mzF8HvHdVrzJNd8M1uFCS"
"The Simple Things","Michael Carreon","Love Adolescent","Favorite Songs","Favorite","TCABS1300916","755gQFe8AygwKePVjrMDoj"
"Mask Off","Future","FUTURE","Favorite Songs","Favorite","USSM11701444","3rOSwuTsUlJp0Pu0MkN8r8"
"SUBEME LA RADIO","Enrique Iglesias","SUBEME LA RADIO (feat. Descemer Bueno & Zion & Lennox)","Favorite Songs","Favorite","USRC11700058","7nKBxz47S9SD79N086fuhn"
"Not Today","Imagine Dragons","Me Before You (Original Motion Picture Soundtrack)","Favorite Songs","Favorite","USUM71603402","3Y6ILqXqCBNwBTxVda8Z68"
"Highway to Hell","AC/DC","Highway to Hell","Favorite Songs","Favorite","AUAP07900028","2zYzyRzz6pRmhPzyfMEC8s"
"Back In Black","AC/DC","Back In Black","Favorite Songs","Favorite","AUAP08000046","08mG3Y1vljYA6bvDt4Wqkj"
"Photograph","Ed Sheeran","x (Deluxe Edition)","Favorite Songs","Favorite","GBAHS1400094","1HNkqx9Ahdgi1Ixy2xkKkL"
"Somewhere Only We Know","AJ","Somewhere Only We Know","Favorite Songs","Favorite","TCABU1412081","5iR7HWSaba10xe4Kio1Qlx"
"Face the Sun","James Blunt","Moon Landing (Deluxe Edition)","Favorite Songs","Favorite","GBAHS1300314","4cxnMKZRc7m5ZT1ECTzkRJ"
"How to Save a Life","The Fray","How To Save A Life","Favorite Songs","Favorite","USSM10601178","5fVZC9GiM4e8vu99W0Xf6J"
"Sad Song (feat. Elena Coats)","We The Kings","Somewhere Somehow","Favorite Songs","Favorite","QMGKG1300017","7xpraKSakDJ6WWgjQEtvgT"
"a thousand years","Christina Perri","a thousand years","Favorite Songs","Favorite","USAT21102141","6lanRgr6wXibZr8KgzXxBl"
"All of the Stars","Ed Sheeran","The Fault In Our Stars: Music From The Motion Picture","Favorite Songs","Favorite","USAT21401437","3SZLtkoHoECHHuOnNkNCuS"
"No Mercy","The Living Tombstone","No Mercy","Favorite Songs","Favorite","QZ4JJ1733855","3tbwKbrgDNjT4JvM4SVAtz"
"After All Is Said and Done","Junip","Junip","Favorite Songs","Favorite","SEWMP1300110","0dJ7RZxSKx853SJk8bY0Fc"
"Neopolitan Dreams","Lisa Mitchell","Wonder","Favorite Songs","Favorite","GBARL0900654","72NKW5OMmDQkqmTvh08P2e"
"Fiction","The xx","Coexist","Favorite Songs","Favorite","GBBKS1200087","2WWkBERKDC4MZN8nhiAdQQ"
"Normal Song","Perfume Genius","Put Your Back N 2 It","Favorite Songs","Favorite","GB7TY1102002","7eqvBMxS4zAunq8DlI4Jij"
"Hello","Adele","25","Favorite Songs","Favorite","GBBKS1500214","4sPmO7WMQUAf45kwMOtONw"
"Heartbreak Story","The Wanted","Word Of Mouth (Deluxe)","Favorite Songs","Favorite","GBUM71304770","3sxnWc4zmcftJwlazQaFGH"
"It's Strange (feat. K.Flay)","Louis The Child","It's Strange (feat. K.Flay)","Favorite Songs","Favorite","TCACI1515173","2Th9BGKvfZG8bKQSACitwG"
"Take Me to Church","Hozier","Hozier","Favorite Songs","Favorite","USSM11307291","0aOluBqXYd0rFSCsgDyAWX"
"We Don't Talk Anymore (feat. Selena Gomez)","Charlie Puth","Nine Track Mind","Favorite Songs","Favorite","USAT21502909","37FXw5QGFN7uwwsLy8uAc0"
"I'm Not The Only One","Sam Smith","In The Lonely Hour","Favorite Songs","Favorite","GBUM71308836","0fioLzGM8ngbD1w6fMmm45"
"Payphone","Maroon 5","Overexposed","Favorite Songs","Favorite","USUM71203347","1LmN9SSHISbtp9LoaR5ZVJ"
"Someone Like You","Adele","21","Favorite Songs","Favorite","GBBKS1000351","6QPKYGnAW9QozVz2dSWqRg"
"Apologize","OneRepublic","Dreaming Out Loud","Favorite Songs","Favorite","USUM70757102","1NrJYpdAi7uosDRPmSYrsG"
"When We Were Young","Adele","25","Favorite Songs","Favorite","GBBKS1500217","0cj2joJcY6b4XSRfj2eZOl"
"Lego House","Ed Sheeran","+","Favorite Songs","Favorite","GBAHS1100206","5ubHAQtKuFfiG4FXfLP804"
"Boulevard of Broken Dreams (feat. John Gallagher Jr., Rebecca Naomi Jones, Stark Sands, The American Idiot Broadway Company)","Green Day","American Idiot - The Original Broadway Cast Recording","Favorite Songs","Favorite","USRE11000177","41pFyxOpS119Pb8JEzhx0w"
"I Don’t Wanna Live Forever (Fifty Shades Darker)","ZAYN","I Don’t Wanna Live Forever (Fifty Shades Darker)","Favorite Songs","Favorite","USQ4E1602586","3NdDpSvN911VPGivFlV5d0"
"True Love Ways","Buddy Holly","The Very Best Of Buddy Holly","Favorite Songs","Favorite","USMC15805869","7KW8zYlJwFieEHMgMresJN"
"Something Wild","Lindsey Stirling","Brave Enough (Deluxe Edition)","Favorite Songs","Favorite","TCACO1625909","1lERZub1j4jIGwBOmtSjbN"
"Paris","The Chainsmokers","Paris","Favorite Songs","Favorite","USQX91603031","15vzANxN8G9wWfwAJLLMCg"
"Shape of You","Ed Sheeran","Shape of You","Favorite Songs","Favorite","GBAHS1600463","0FE9t6xYkqWXU2ahLh6D8X"
"Bohemian Rhapsody - Remastered 2011","Queen","A Night At The Opera (2011 Remaster)","Favorite Songs","Favorite","GBUM71029604","1AhDOtG9vPSOmsWgNW0BEY"
"Stressed Out","Twenty One Pilots","Blurryface","Favorite Songs","Favorite","USAT21500597","3CRDbSIZ4r5MsZ0YwxuEkn"
"Bring On the Wonder (Original Acoustic Version)","Susan Enan","Bring On the Wonder (Original Acoustic Version) - Single","Favorite Songs","Favorite","USTCF1009035","28yoMPlf64c9ETUaCocq5l"
"Can't Get You out of My Head","Kylie Minogue","Fever","Favorite Songs","Favorite","GBAYE0100913","3E7ZwUMJFqpsDOJzEkBrQ7"
"Stuck In The Middle With You","Stealers Wheel","Stuck In The Middle With You - The Hits Collection","Favorite Songs","Favorite","GBAAM7200002","4090PyjhaukeGh0c93jh1Y"
"She","Elvis Costello","In Motion Pictures","Favorite Songs","Favorite","USIR29900128","6OguEkETIgjJs48LKaOjdZ"
"Thinking out Loud","Ed Sheeran","x (Deluxe Edition)","Favorite Songs","Favorite","GBAHS1400099","34gCuhDGsG4bRPIf9bb02f"
"Shape Of My Heart","Sting","Ten Summoner's Tales","Favorite Songs","Favorite","GBAAM9390010","2vdId18EePzFhwfp4ryqFq"
"Noctis (Piano Version)","Sasai Kudasai","Reminiscence of Final Fantasy XV","Favorite Songs","Favorite","TCACS1643107","2BqJy8dJsryFaSEprTpmdx"
"Too Much Is Never Enough","Florence + The Machine","Songs From Final Fantasy XV","Favorite Songs","Favorite","GBUM71604434","58ReVGi4ebvbKyKJ1wvYV0"
"Stand By Me","Florence + The Machine","Songs From Final Fantasy XV","Favorite Songs","Favorite","GBUM71604433","1FGvbfMafLBdymgrtGAZYh"
"I Will Be","Florence + The Machine","Songs From Final Fantasy XV","Favorite Songs","Favorite","GBUM71604435","1iMb1jyHjn1EOfQUPmkiId"
"See You Again (feat. Charlie Puth)","Wiz Khalifa","See You Again (feat. Charlie Puth)","Favorite Songs","Favorite","USAT21500313","7wqSzGeodspE3V6RBD5W8L"
"Bang Bang - My Baby Shot Me Down","Nancy Sinatra","Kill Bill Vol. 1 Original Soundtrack (PA Version)","Favorite Songs","Favorite","USRHD0530690","1s2I9Q7zAE78m7aVZOq3ug"
"Hurt","Johnny Cash","Unearthed","Favorite Songs","Favorite","USDJ20200650","4dDZyGxClFiOBUjcpxhXWg"
"Rap God","Eminem","The Marshall Mathers LP2 (Deluxe)","Favorite Songs","Favorite","USUM71314079","6sDQ4uiWw9OdVrCXFLSlZt"
"Not Afraid","Eminem","Recovery","Favorite Songs","Favorite","USUM71011769","4hEl2wrneFEJbJ6SDYWd2f"
"Love The Way You Lie","Eminem","Recovery","Favorite Songs","Favorite","USUM71015397","6UaRii9AH6Zss9xNMEQ2M9"
"Lose Yourself - From ""8 Mile"" Soundtrack","Eminem","Curtain Call (Deluxe)","Favorite Songs","Favorite","USIR10211559","7w9bgPAmPTtrkt2v16QWvQ"
"Dancing On My Own","Calum Scott","Dancing On My Own","Favorite Songs","Favorite","UK6KW1500205","02WacdrRpm4zlP8H7X6bnQ"
"The Sound of Silence","Simon & Garfunkel","The Graduate","Favorite Songs","Favorite","USSM19918647","2LkaNhCrNVmcYgXJeLVmsw"
"Hotel California - 2013 Remaster","Eagles","Hotel California (2013 Remaster)","Favorite Songs","Favorite","USEE11300353","40riOy7x9W7GXjyGp4pjAv"
"Right Here Waiting","Richard Marx","Repeat Offender","Favorite Songs","Favorite","USEM38900208","4LFwNJWoj74Yd71fIr1W8x"
"Sing A Song","Donavon Frankenreiter","Pass It Around","Favorite Songs","Favorite","USUM70821890","768J8t0hUr8E2NLBn40UL7"
"Kingdoms of Rain","Soulsavers","It's Not How Far You Fall, It's the Way You Land","Favorite Songs","Favorite","GBBLK0600593","2hGqNGOLU8EaT2IOEwh4B5"
"Who by Fire","Leonard Cohen","The Best Of Leonard Cohen","Favorite Songs","Favorite","USSM19917409","4PQKGcI9hHcBsqrsencmzZ"
"Wonderwall","Ryan Adams","Love Is Hell","Favorite Songs","Favorite","USMR10300309","7m2VsHmjyXZegtndWPgxOw"
"Promise","Ben Howard","Every Kingdom (Deluxe Version)","Favorite Songs","Favorite","GBUM71106371","4q1LP4YcHOIUy8XSqpR8HH"
"Invincible","mgk","Lace Up","Favorite Songs","Favorite","USUM71119407","2Ff58Djqll3IPWXZgeaDGy"
"Where Is My Mind","Mindy Jones","Under the Covers","Favorite Songs","Favorite","TCACE1583218","2YgpL8pSWIzoqoJJkI4rjD"
"Oh My Word","Flip Grater","While I'm Awake I'm At War","Favorite Songs","Favorite","NZMD11000007","6UUMHb56IGU7HclD6FW6qi"
"9 Crimes","Damien Rice","9","Favorite Songs","Favorite","IEABD0600100","08YEGpKt2LHJ0URCXKHEie"
"Bailando - Spanish Version","Enrique Iglesias","SEX AND LOVE","Favorite Songs","Favorite","GBUM71400955","75EveQXAVJzwuEO9gjfyGZ"
"Mad World","Gary Jules","Trading Snakeoil for Wolftickets","Favorite Songs","Favorite","USHM90699796","3JOVTQ5h8HGFnDdp4VT3MP"
"Growing Pains (As Long as We've Got Each Other)","TV Tunesters","Tv's Greatest Themes - 80's","Favorite Songs","Favorite","US4R31226706","1pPvkTd5zNa8b1Iv4Z8bZH"
"(Everything I Do) I Do It For You","Bryan Adams","The Best Of Me","Favorite Songs","Favorite","USAM19190012","5nydh0uIcz9gxSoJY6FtTn"
"Safe & Sound - The Hunger Games/Soundtrack Version","Taylor Swift","The Hunger Games: Songs From District 12 And Beyond","Favorite Songs","Favorite","USUM71120255","44yLjz5SIFMWAMsCCQ1kv8"
"Finally Found You","Enrique Iglesias","Finally Found You","Favorite Songs","Favorite","GBUM71205990","1i7gybd4iuAm3dSzktiCDN"
"El Perdedor","Enrique Iglesias","El Perdedor","Favorite Songs","Favorite","GBUM71308207","5kjciBkiwjjuFnsXFJpyRe"
"Loco","Enrique Iglesias","Loco","Favorite Songs","Favorite","GBUM71308652","206zN38xqN2chirwGTofP0"
"I'll Keep Coming","Low Roar","0","Favorite Songs","Favorite","USXLG1400204","5Pf5HwjqLAbYDVBQU7H7Oz"
"Exchange","Bryson Tiller","T R A P S O U L","Favorite Songs","Favorite","USRC11502185","43PuMrRfbyyuz4QpZ3oAwN"
"Stay With Me","Sam Smith","In The Lonely Hour (Drowning Shadows Edition)","Favorite Songs","Favorite","GBUM71308833","62NVyyEBiRxGae3SeB97nl"
"Never Forget You","Zara Larsson","Never Forget You","Favorite Songs","Favorite","SEWEE1500801","6WLS56xiRrXjSm9RSdL3zD"
"Close","Nick Jonas","Close","Favorite Songs","Favorite","USUM71602394","4Zpe9VME8DiFjLdqSqPRoZ"
"Cheap Thrills","Sia","This Is Acting","Favorite Songs","Favorite","USRC11502935","27SdWb2rFzO6GWiYDBTD9j"
"Never Be Like You","Flume","Skin","Favorite Songs","Favorite","AUFF01500784","15O20RQyWJgKrkHID9ynT9"
"Ride","Twenty One Pilots","Blurryface","Favorite Songs","Favorite","USAT21500598","2Z8WuEywRWYTKe1NybPQEW"
"CAN'T STOP THE FEELING! (from DreamWorks Animation's ""TROLLS"")","Justin Timberlake","CAN'T STOP THE FEELING! (from DreamWorks Animation's ""TROLLS"")","Favorite Songs","Favorite","USRC11600876","6JV2JOEocMgcZxYSZelKcc"
"Pop Style","Drake","Views","Favorite Songs","Favorite","USCM51600086","1WRy5l3TwrwlzNmB5bOeKw"
"Controlla","Drake","Views","Favorite Songs","Favorite","USCM51600080","6F609ICg9Spjrw1epsAnpa"
"Needed Me","Rihanna","ANTI","Favorite Songs","Favorite","QM5FT1600118","3kfxarilcBr81mb2hmZLeh"
"Too Good","Drake","Views","Favorite Songs","Favorite","USCM51600088","11KJSRSgaDxqydKYiD2Jew"
"Antes de las Seis","Shakira","Sale el Sol","Favorite Songs","Favorite","USSD11000362","5J5uyhoBZxJwmjy2Zg6DgF"
"Sin Ti (Without You)","Myriam","10 Años","Favorite Songs","Favorite","MXF061200607","2lb1Vnp67wglWrJmsFs4oC"
"El Perdón (with Enrique Iglesias)","Nicky Jam","El Perdón (w/ Enrique Iglesias)","Favorite Songs","Favorite","USSD11500005","63MgFVcIldlw51imFtcgK1"
"DUELE EL CORAZON (feat. Wisin)","Enrique Iglesias","DUELE EL CORAZON (feat. Wisin)","Favorite Songs","Favorite","USRC11600642","6YZdkObH88npeKrrkb8Ggf"
"Hips Don't Lie (feat. Wyclef Jean)","Shakira","Oral Fixation, Vol. 2 (Expanded Edition)","Favorite Songs","Favorite","USSM10600677","3ZFTkvIE7kyPt6Nu3PEa7V"
"Tautou","Brand New","Deja Entendu","Favorite Songs","Favorite","USRZR0389601","0JyGnDD3eIubxqFMW4hzH5"
"Warning Call","CHVRCHES","Warning Call (Theme from Mirror’s Edge Catalyst)","Favorite Songs","Favorite","CAN111600075","46C9o6B27XyZIzzPnzki3V"
"To Build A Home","The Cinematic Orchestra","Ma Fleur","Favorite Songs","Favorite","GBCFB0700100","54KFQB6N4pn926IUUYZGzK"
"Let Her Go","Passenger","All The Little Lights","Favorite Songs","Favorite","GBMQN1100004","7DFNE7NO0raLIUbgzY2rzm"
"With Or Without You","U2","The Best of 1980-1990 & B-Sides","Favorite Songs","Favorite","GBAAN8790003","2JZfTvWWtpaE8NohqRXqFr"
"Still Alive","Lisa Miskovsky","Mirror's Edge Original Videogame Score","Favorite Songs","Favorite","CAN110800675","18p9jXsXTDLrvvgGyxFgd1"
"Hands To Myself","Selena Gomez","Revival (Deluxe)","Favorite Songs","Favorite","USUM71513592","1LoriJC05IrHIDwj3q0KC1"
"Sorry","Justin Bieber","Purpose (Deluxe)","Favorite Songs","Favorite","USUM71516760","09CtPGIpYB4BrO8qb1RGsF"
"Love Yourself","Justin Bieber","Purpose (Deluxe)","Favorite Songs","Favorite","USUM71516761","50kpGaPAhYJ3sGmk6vplg0"
"I Took A Pill In Ibiza - Seeb Remix","Mike Posner","The Truth (Remixes)","Favorite Songs","Favorite","USUM71509342","7HzCxalzzYQOFb9a7Xs3j6"
"My House","Flo Rida","My House","Favorite Songs","Favorite","USAT21500384","6Knv6wdA0luoMUuuoYi2i1"
"Me, Myself & I","G-Eazy","When It's Dark Out","Favorite Songs","Favorite","USRC11502210","40YcuQysJ0KlGQTeGUosTC"
"2 Phones","Kevin Gates","Islah (Deluxe)","Favorite Songs","Favorite","USAT21503158","0wdKiSBUT7aZkXUIdJWcwC"
"Jumpman","Drake","What A Time To Be Alive","Favorite Songs","Favorite","USCM51500300","46gjYTEK7W8ZTABcglGP2f"
"Roses","The Chainsmokers","Roses","Favorite Songs","Favorite","USQX91500801","3vv9phIu6Y1vX3jcqaGz5Z"
"Don't Mind","Kent Jones","Don't Mind","Favorite Songs","Favorite","USSM11603011","27PmvZoffODNFW2p7ehZTQ"
"i hate u, i love u (feat. olivia o'brien)","gnash","us","Favorite Songs","Favorite","USAT21601051","7vRriwrloYVaoAe3a9wJHe"
"PILLOWTALK","ZAYN","Mind Of Mine (Deluxe Edition)","Favorite Songs","Favorite","USRC11600042","0PDUDa38GO8lMxLCRc4lL1"
"Middle","DJ Snake","Middle","Favorite Songs","Favorite","USUM71515784","2Fn3coxd0xAZ09JtrgcgHa"
"7 Years","Lukas Graham","Lukas Graham","Favorite Songs","Favorite","USWB11506516","5kqIPrATaCc2LqxVWzQGbk"
"Low Life (feat. The Weeknd)","Future","EVOL","Favorite Songs","Favorite","USSM11600557","7EiZI6JVHllARrX9PUvAdX"
"Work","Rihanna","ANTI (Deluxe)","Favorite Songs","Favorite","QM5FT1600116","14WWzenpaEgQZlqPq2nk4v"
"This Is What You Came For","Calvin Harris","This Is What You Came For","Favorite Songs","Favorite","GBARL1600460","0azC730Exh71aQlOt9Zj3y"
"Panda","Desiigner","Panda","Favorite Songs","Favorite","USUM71601094","46THN9jjPWhSqFUu6YsBhv"
"Don't Let Me Down","The Chainsmokers","Don't Let Me Down","Favorite Songs","Favorite","USQX91600011","1i1fxkWeaMmKEB4T7zqbzK"
"One Dance","Drake","Views","Favorite Songs","Favorite","USCM51600028","1xznGGDReH1oQq0xzbwXa3"